"5957","職業傷病防治中心提供勞工就近性之職業傷病預防、工作因果關係診斷及復工評估、復健轉介及健康與補償法令之諮詢。"
"5962","行政院及所屬各級機關(構、全國各地方縣市政府為提升為民服務品質及滿足民眾外出活動或洽公等候的連網需求，於各地選定部分機關(構)對外開放的室內公共區域，設置逾6千餘個WiFi熱點，包含洽公場所、旅遊景點、交通運輸節點、文教館所、公立醫院等，提供民眾免費無線上網基本資訊服務。本服務提供條件查詢功能，民眾可利用四項篩選條件(提供機關、關鍵字、縣市別、場所別)查詢熱點，並下載熱點查詢結果(主管機關、地區、熱點名稱、地址、緯度及經度)，找到iTaiwan免費無線上網服務公共場所。"
"6006","文化部整合各公、民營單位之獨立音樂活動資訊。"
"6007","文化部整合本部及所屬各級機關(構)、以及其他公、民營單位之公開徵選活動資訊，如金鼎獎、美展、創意大賞等。"
"6008","文化部整合本部及所屬各級機關(構)、以及其他公、民營單位之競賽型藝文資訊，如舞蹈、歌唱、繪畫等比賽。\n"
"6009","文化部整合本部及所屬各級機關(構)、以及其他公、民營單位之具有表演、美食、講座、旅遊…等綜合類型之整合活動。\n"
"6010","文化部整合本部及所屬各級機關(構)、以及其他公、民營單位之藝文機構電影欣賞節目表。\n"
"6011","文化部整合本部及所屬各級機關(構)、以及其他公、民營單位之專題演講及藝文座談會等活動\n"
"6012","文化部整合本部及所屬各級機關(構)、以及其他公、民營單位之展覽資訊。\n"
"6013","文化部整合本部及所屬各級機關(構)、以及其他公、民營單位之演唱會資訊。\n"
"6014","文化部整合本部及所屬各級機關(構)、以及其他公、民營單位之親子類型的藝文資訊。\n"
"6015","文化部整合本部及所屬各級機關(構)、以及其他公、民營單位之舞蹈類型活動訊息。\n"
"6016","文化部整合本部及所屬各級機關(構)、以及其他公、民營單位之戲劇表演資訊。\n"
"6017","文化部整合本部及所屬各級機關(構)、以及其他公、民營單位之音樂劇場表演訊息。\n"
"6018","文化部整合本部及所屬各級機關(構)、以及其他公、民營單位之無法隸屬於各類別之資訊，如青年節活動、新書分享等。\n"
"6034","提供資料包含：屆數、廠商名稱、電話、得獎商品、售價_規格、認證、商品介紹、銷售通路等欄位資料。"
"6036","提供資料包含：步道編號、步道名稱、步道分級、步道系統、子步道系統、管理單位、步道入口等欄位資訊。本資料集所提供之森林步道資訊僅供參考，步道服務現況請依原始資料來源網站為準。"
"6037","提供資料包含：名稱、地址、電話、主人的話、費用簡介、營業時間、刷卡(True/False)、國民旅遊卡(True/False)、交通指引、停車場、網站連結、業者email、部落格網址、寵物須知、貼心叮嚀、最佳時令、容納人數、美食特色、景點縣市、鄉鎮、座標等欄位資料。"
"6050","本資料集主要提供台灣自來水公司每日停水資訊"
"6054","國有非公用土地綠美化成果資訊"
"6056","各地勞工育樂中心主資料"
"6057","職業安全衛生法第7條及其施行細則第12條規定之機械、設備或器具，於資訊申報網站登錄完成申報案件清單"
"6058","每月第一個營業日公告最低保證收益率"
"6061","勞保局各地辦事處服務項目：承保業務、給付業務、保費業務、勞工退休金及國民年金業務。"
"6062","勞保年金給付介紹包含勞保老年年金給付、勞保失能年金給付、勞保遺屬年金給付、國保老年年金給付、國保身心障礙年金給付、國保遺屬年金給付及勞退年金保險。"
"6063","技能檢定每月依級別及職類別之發證情形"
"6074","環保署設於全國測站每小時發布之即時空氣品質監測資料；包括：空氣污染指標值（PSI）及各種污染物之小時濃度值，其中各項(測值單位)分別為二氧化硫(SO<sub>2</sub>)(ppb)、一氧化碳(CO)(ppm)、臭氧(O<sub>3</sub>)(ppb)、懸浮微粒(PM<sub>10</sub>)(μg/m<sup>3</sup>)、二氧化氮(NO<sub>2</sub>)(ppb)、細懸浮微粒(PM<sub>2.5</sub>)(μg/m<sup>3</sup>)、風速(WindSpeed)(m/sec)、風向(WindDirec)(degrees)、氮氧化物(NOx)(ppb)、一氧化氮(NO)(ppb)空氣污染指標值≦50，指標污染物為Null值"
"6075","1.環保署設於全國空氣品質監測站之基本資料；包括測站名稱、測站類別、座標、地址等。2.測站位置圖層，以SHP圖層打包zip檔，包含DBF、SHP、SHX等地理圖資，供地理資訊系統套圖"
"6076","本資料集之舊有檔案下載連結http://cdx.epa.gov.tw/CDX/OpenData/UV.xml將於10月31日移除，請使用本網頁新提供之檔案下載連結。環保署和中央氣象局設於全國紫外線測站每小時發布之紫外線監測資料（環保署及中央氣象局資料已整合成1個檔）"
"6077","環保署和中央氣象局設於全國紫外線測站基本資料"
"6078","環保署發布河川水質監測資料，包括河川污染指標（RiverPollutionIndex,RPI）及主要污染物監測值等資料。由於監測資料需要每個月現場採樣、經實驗室檢測分析及資料品保品管程序，通常需要隔月提供資料"
"6079","1.環保署設於河川水質監測點之基本資料；包括測站名稱、所屬流域、測站座標等。2.測站位置圖層，以SHP圖層打包zip檔，包含DBF、SHP、SHX等地理圖資，供地理資訊系統套圖"
"6081","一、依據內政部於99年11月2日修正發布「紀念日及節日實施辦法」辦理公告原住民族歲時祭儀，各該原住民族放假1日。二、凡具有原住民身分者，都可以在所屬族群的歲時祭儀日，持戶籍謄本或戶口名簿等足資證明其族別之文件，向工作或就讀單位申請放假1日。三、有關阿美族、賽夏族及噶瑪蘭族，先行公告舉辦期間，日期確定後分別另行公告。"
"6082","依內政部每月提供之戶政資料，篩選出臺閩地區各縣市原住民族人口數統計"
"6083","依行政院原住民族委員會辦理之「2010原住民嚴選十大獻禮」甄選活動，評選出原住民十大特色美食，提供國內外遊客在造訪各地原鄉時享原味之參考。"
"6084","依行政院原住民族委員會主辦之「101年臺灣原住民族文學獎」所評審出得獎名單提供參考。"
"6085","行政院原住民族委員會參與「2012台北國際旅展」活動，以「拜訪部落」為號召，提供25條整合原鄉地區民宿、美食、工藝、農特產品及周邊景點最精彩的部落遊程供民眾參考。"
"6133","本資料集係提供進口食品及相關產品之不符合資訊。"
"6134","提供藥局名稱、地址、電話等基本資料。"
"6138","鐵路客車時刻資料包括西部幹線對逆行、西部幹線順行、東部幹線對逆行、東部幹線順行、南迴線逆行、南迴線順行客運列車行車時刻"
"6145","國內大學校院成立之客家學院系所及客家研究中心資料"
"6146","客委會自95年起收錄海外客家社團之基本資料"
"6151","提供資料包含：標章資訊、產銷班代碼、產銷班名稱、輔導單位代碼、輔導單位名稱、產業代碼、產業、作物資訊、植物資訊、縣市代碼、縣市等欄位資料。"
"6152","提供資料包含：廠商名稱、聯絡電話、營業內容等欄位資料。"
"6153","微型創業鳳凰計劃之創業研習課程開課訊息，包含課程班別、日期時間、地點等"
"6154","勞動及職業安全衛生研究所各年度研究計畫之成果報告"
"6175","本資料集提供臺南市國小新生報到人數統計"
"6181","本資料集提供臺南市國中各校男女生人數統計"
"6192","本資料集提供臺南市國中小網路暑假作業競賽作品"
"6193","本資料集提供臺南市校園藝文活動新聞"
"6194","本資料集提供臺南市教育公告即時列表"
"6200","本資料集提供臺南市教師學習護照研習課程資訊"
"6201","本資料集提供臺南市非讀BOOK台南愛讀冊資源列表"
"6205","本資料集提供臺南市國中小學校網路電話"
"6217","本資料集提供臺南市運動地圖列表"
"6219","收錄文化部公共藝術網之作品基本資料。\n"
"6220","文化部收錄國內展演空間資訊。"
"6221","文化部收錄之各縣市政府文化局相關單位資料。"
"6222","收錄文化部所屬各級機關(構)開放服務之專門特色圖書室，如國立臺灣歷史博物館圖書室、國立臺灣美術館資料中心及兒童繪本區等。\n"
"6223","收錄文化旅遊網之文化創意加值商店資料。\n"
"6224","文化部收錄獨立特色書店的資料。\n"
"6242","文化部整合之公私立博物館所在地址、管理處聯絡資訊、網址及地理位置等資訊。\n"
"6243","文化部社區通網站之社區所在地點、網址及地理位置等資訊。\n"
"6244","文化部地方文化館網站之地方文化館資訊，包含所在地址、管理處聯絡資訊、網址及地理位置等。\n"
"6245","國立臺灣工藝研究發展中心扶植之工藝之家資訊。\n"
"6246","文化資產網之供古蹟資訊，包含地點、所屬主管機關、網址及創建年代等。\n"
"6258","提供投保單位及被保險人查對月薪資總額適用之投保薪資等級"
"6259","提供投保單位及被保險人查詢每月個別應負擔之勞、就保保險費"
"6260","提供職業工會及所屬會員查詢每月個別應負擔保險費"
"6261","提供漁會及所屬會員查詢每月個別應負擔保險費"
"6262","提供投保單位查詢其單位適用之職災費率"
"6263","職業重建單位提供職災勞工就近性之工作能力評估及強化、心理輔導及社會適應、職業輔導評量、就業服務及職務再設計等職業重建服務。"
"6264","提供各縣市基層農會名稱與地址，便利民眾至農會辦理農保、健保、金融服務、農業推廣等相關服務。"
"6265","國民年金業務說明會相關資訊"
"6266","直轄市或縣（市）政府辦理身心障礙鑑定指定醫療機構名冊"
"6267","代收國民年金保險費金融機構"
"6268","勞工保險局委託代收、轉帳保險費金融機構名稱"
"6269","尚積欠勞保費之職業工會、漁會"
"6270","符合「勞工健康保護規則」所列特別危害健康作業，且最近加保年資連續滿1年以上之被保險人，每年可由投保單位提出申請勞工保險預防職業病健康檢查1次。"
"6271","提供勞工因眼、耳、咀嚼吞嚥及言語機能、胸腹部臟器(機能失能)、脊柱畸形或運動失能、皮膚或上下肢機能失能者，得就近至評鑑合格醫院開具勞保失能診斷書，申請勞保失能給付。所在縣市、醫院名稱、醫院層級、醫院評鑑合格效期、教學評鑑合格效期、醫院電話、醫院地址"
"6272","為便利提繳單位繳納勞工退休金，提供多種繳納方式。"
"6273","提供多種查詢管道，方便勞工查詢雇主是否有提繳勞工退休金及勞退個人專戶金額。"
"6274","雇主應按勞工每月實際工資總額，依「勞工退休金月提繳工資分級表」規定之等級金額覈實申報月提繳工資。"
"6275","自76年開辦後歷年墊償件數、單位數、人數、金額統計數據"
"6276","自76年墊償開辦後歷年墊償追償狀況統計"
"6278","提供工會聯合組織名冊"
"6279","有關勞動基準法適用行業與工作者之公告"
"6280","有關核定適用與廢止勞動基準法第84條之1工作者公告"
"6281","有關我國基本工資制定與調整之歷史沿革"
"6282","有關97年與99年友善職場獲獎之優良事業單位具體措施"
"6296","勞委會為宣導本會對於勞資關係、勞動條件、勞工安全與衛生、就業促進、退休保障、外籍勞工在台工作等相關政策、措施，並介紹國外最新勞動資訊，敦請相關領域專家學者撰稿及配合業務主題的需要按季出刊，希望藉與加強與地方勞工行政機關聯繫，促進交流。"
"6297","環保署每週針對重要國際環保新聞摘譯的資料"
"6298","環保署發布環保相關新聞"
"6340","收錄通過臺灣職業安全衛生管理系統驗證並取得合格有效證書之事業單位名單"
"6341","收錄近3年勞工安全衛生教育訓練單位評鑑結果績優名單"
"6342","為研判沙塵是否會影響到我國空氣品質，環保署根據過去沙塵侵台的路徑歸納相關資料，包括透過沙塵暴發生及大氣環流資訊蒐集、空氣品質監測資料分析等，建立沙塵影響空氣品質預報研判，環保署於每年11月~隔年5月沙塵來臨季節提供最新沙塵資訊"
"6343","環保署發布全國細懸浮微粒（PM2.5）手動監測資料，PM2.5手動監測為依據標準檢測方法，連續採樣24小時所得之測值。由於監測資料需要現場採樣、經實驗室檢測分析及資料品保品管程序，通常需要20天後提供資料"
"6344","土壤及地下水污染場址公告資料(土壤污染或地下水污染來源明確，其土壤或地下水污染物濃度達土壤或地下水污染管制標準者，所在地主管機關應公告為土壤、地下水污染控制場址)(土壤污染管制區(IsSoil)、地下水污染管制區(IsGw)欄位1表示列管，0表示未列管)"
"6345","環保署發布水庫水質監測資料，包括一般水庫水質背景監測值及卡爾森指數(CTSI)指標計算值等資料。由於監測資料為每季現場採樣，並經實驗室檢測分析及資料品保品管程序，通常需要每季監測結束後隔月始能提供資料"
"6346","環保署發布海域水質監測資料，包括一般海域水質背景監測值及重金屬測值等資料。由於監測資料為每季現場採樣，並經實驗室檢測分析及資料品保品管程序，通常需要每季監測結束後隔月始能提供資料"
"6347","環保署發布海灘夏季水質監測資料，包括一般海灘水質背景監測值及大腸桿菌群、腸球菌群監測值等資料。監測資料之採樣頻率為每年調整，經實驗室檢測分析及資料品保品管程序，當月提供前一月已完成品保之更新資料"
"6348","環保署發布區域性地下水水質監測資料，包括一般地下水背景監測值及重金屬污染物監測值等資料。由於監測資料為每季現場採樣，並經實驗室檢測分析及資料品保品管程序，通常需要每季監測結束後隔月始能提供資料"
"6349","根據環保署最新氣象及空氣品質模式模擬資料研判，每日2次預報本島及離島隔日空氣品質"
"6350","環保署將當日空氣品質監測站小時測值，經算數平均所得之每日平均值"
"6351","土壤及地下水污染場址基本資料，含所在地主管機關公告之控制場址及中央主管機關公告整治場址之名稱地址等基本資料"
"6352","環保署為降低空氣污染排放量及確保機車於使用一段時間後，仍能達到排放標準，推動管制措施，由地方環保局寄發檢驗通知單，通知機車至環保局認可之定檢站受檢，本資料提供全國認可之機車排氣定檢站基本資料"
"6353","各縣市空氣品質監測站每季所採樣空氣戴奧辛之濃度檢驗值"
"6354","環保署列管毒性化學物質辨識、防護與應變措施資料"
"6355","環保署每月發布之全國自來水水質抽驗結果資料"
"6356","環保署每月發布之全國自來水水質抽驗結果資料"
"6357","環保署每季發布之全國包裝及盛裝飲用水水源水質抽驗結果資料"
"6358","公告應回收廢棄物之回收業資料"
"6359","公告應回收廢棄物處理業資料"
"6360","全國各縣市清潔隊聯絡資料"
"6361","全國環境影響評估案件摘要(環境影響評估指開發行為或政府政策對環境包括生活環境、自然環境、社會環境及經濟、文化、生態等可能影響之程度及範圍，事前以科學、客觀、綜合之調查、預測、分析及評定，提出環境管理計畫，並公開說明及審查)"
"6362","本署整合各空、水、廢、毒列管中事業(公私場所)之基本資料"
"6363","各地環保局對所轄公民營廢棄物清除處理機構之許可證資料"
"6364","廢行動通訊產品回收廠商相關資訊"
"6365","全國各地焚化廠基本資料"
"6366","全國焚化廠營運月報資料"
"6367","全國焚化廠營運年報資料"
"6368","全國焚化廠空污檢測資料"
"6369","全國焚化廠飛灰穩定化檢測資料"
"6370","全國焚化廠飛灰原始檢測資料"
"6371","全國焚化廠底渣原始檢測資料"
"6372","環境教育認證申請通過名單"
"6373","環境教育認證申請通過名單"
"6374","環保署許可之環境檢驗測定機構資料"
"6375","環保署許可之機動車輛排放空氣污染物及噪音檢驗測定機構資料"
"6376","顯示環保署設於臺灣本島的區域性地下水水質監測站位置。"
"6382","顯示環保署91年調查台灣地區歷年來農地受砷(As)、鎘(Cd)、鉻(Cr)、汞(Hg)、鎳(Ni)、及鉛(Pb)等六種重金屬污染量達第五級地區（即疑似外來污染）計有319公頃，屬於一公頃調查區之調查範圍。"
"6383","顯示環保署91年調查台灣地區歷年來農地受砷(As)、鎘(Cd)、鉻(Cr)、汞(Hg)、鎳(Ni)、及鉛(Pb)等六種重金屬污染量達第五級地區（即疑似外來污染）計有319公頃，屬於一公頃調查區塊之採樣點位置。"
"6388","顯示位於臺灣本島、澎湖、金門、馬祖等地之垃圾掩埋場範圍,另資料發表日期為2013年12月13日，係屬一次性資料，未來如有更新修正，將依實際情形滾動更新。"
"6389","顯示位於臺灣本島、澎湖、金門、馬祖等地之焚化爐廠區範圍。"
"6393","環保署各委辦案專案成果報告摘要資料"
"6394","環保署發布區域性地下水水質監測點基本資料，包括各測點地理環境位置及監測井特性等基本資料。本項資料為視監測計畫需求不定期更新"
"6395","環保署發布水庫水質監測點基本資料，包括各測點地理環境位置等資料。本項資料為視監測計畫需求不定期更新"
"6396","環保署發布海域水質監測點基本資料，包括各測點地理環境位置等資料。本項資料為視監測計畫需求不定期更新"
"6397","本資料集主要提供臺南市各國中小學區查詢列表"
"6402","本資料集主要提供各縣市政府指定登錄於文化部文化資產局的文化景觀名稱、代表圖像、簡介及地理位置等資訊。\n"
"6406","提供資料包含：名稱、連絡電話、園區介紹、交通指引、地址、營業時間、景點縣市、鄉鎮、座標等欄位資料。"
"6407","國民年金保險被保險人依其補助身分別及加保天數核算加保當月應負擔之保險費金額"
"6408","勞保局各項出版品：業務專輯、為民服務手冊、國民年金業務專輯、勞工退休金業務專輯、勞工保險65週年-年金時代、甲子紀事-勞工保險60年。"
"6413","提供資料名稱、地址、電話、主人的話、費用簡介、營業時間、刷卡(True/False)、國民旅遊卡(True/False)、交通指引、停車場、網站連結、業者email、部落格網址、寵物須知、貼心叮嚀、容納人數、住宿特色、景點縣市、鄉鎮、座標等欄位資料。"
"6414","提供資料包含：名稱、描述等欄位資訊。"
"6416","微型創業鳳凰計畫之創業顧問名單簡介"
"6419","提供行政院歷次院會決議之訊息。"
"6420","本院重要政策、事件與施政措施等相關新聞稿。"
"6427","提供退輔會全球資訊網站就業、就學、就養、就醫及其他服務照顧最新消息"
"6428","提供退輔會所屬福壽山農場網站最新消息"
"6439","本資料集主要提供全台灣水利署所掌管之最新各中央管河川疏濬資訊，包括淤積量、規劃量與目前執行量等相關資訊。"
"6447","提供多種電話服務方式，便於民眾洽詢各項勞工退休金業務。"
"6448","當年各月之墊償件數、單位數、人數、金額統計數據"
"6449","每月第一個營業日公告最近月份收益率"
"6478","文化部整合本部及所屬各級機關(構)、以及其他公、民營單位之藝文活動所有類別的活動名稱、日期、場次、網址及地理位置等資訊。\n"
"6525","環保署公聽會開會通知單及會議紀錄資料"
"6564","集中列示於政府資料開放平台資料集之詮釋資料，包含資料集名稱、檔案格式、下載連結、資料集類型、資料集描述、主要欄位說明、資料集提供機關、更新頻率、授權方式、授權說明網址、計費方式、編碼格式、資料集提供機關聯絡人、資料集提供機關聯絡人電話、備註等"
"6609","提供外勞轉換雇主資料"
"6610","提供年度多元就業開發方案計畫提案說明資料"
"6611","提供勞動力發展署出版之就業好伙伴月刊資料"
"6612","提供勞動力發展署出版之就業安全半年刊資料"
"6613","提供勞動力發展署年度業務報告資料"
"6616","提供訓練品質評核顧問及教育訓練講師名單"
"6617","提供國家訓練品質獎得獎資料"
"6618","提供仲介本國人工作之私立就業服務機構資料"
"6619","認可實驗室驗證參考"
"6621","安全衛生科普雜誌，雙月刊發行"
"6622","勞工安全衛生技術叢書"
"6623","勞教e網舉辦相關學習、網站行銷暨課程推廣活動等訊息。"
"6624","收錄經勞動部會商衛生福利部認可得辦理勞工體格及健康檢查之醫療機構名單，以供各界查詢。"
"6642","安全衛生學術期刊，每3個月發行"
"6644","前一年度發生之重大職業災害案例彙編"
"6647","各類初任人員每人月平均經常性薪資"
"6648","礦業及土石採取業各業受僱員工人數、平均薪資"
"6684","生物偵測實驗室參考"
"6687","危險性機械設備型式檢查合格製造人名冊"
"6701","環保署發布河川水質季監測資料，包括硝酸鹽氮、總磷及重金屬污染物監測值等資料。由於監測資料為每季現場採樣、經實驗室檢測分析及資料品保品管程序，通常於採樣隔月提供資料。"
"6848","觀光工廠廠商資料：獲選經濟部優良觀光工廠、通過評鑑觀光工廠。"
"6932","道路交通安全相關新聞"
"6944","本資料集提供常見濫用管制藥品之相關資訊供民眾參考。"
"6946","本資料集為食品藥物管理署稽核國內GMP藥廠之合格名單，本資料集同步署網更新，藉此提供消費者、業者或從事醫療人員進一步使用。"
"6947","本資料集為藥品回收分級、產品及原因等資料。"
"6948","正面表列規定動物用藥殘留標準，該標準係依據科學證據，風險評估原則及配合前端農政機關之核准用藥情形所訂定，以作為行政裁量之管制標準，提供各界查閱遵循。"
"6949","本資料集匯整由各縣市衛生局行文副知本署之食品違規廣告處分紀錄，可顯示欄位以來文登載者為限，惟本資料集可能因後續修正裁量而有所變動，亦不代表處分主體之產品為違法，請審慎採參。"
"6950","審核通過之餐飲業食品安全管制系統衛生評鑑證明廠商資料集，餐飲業食品安全管制系統衛生評鑑，係為積極與有效推動餐飲業符合「食品安全管制系統」，以提昇餐飲衛生安全，特建立本評鑑。"
"6951","健康食品是一個法律名稱(『健康食品管理法』)，需經過FDA審查核可後，才可稱為健康食品，由業者主動申請後取得許可證後，才可上市銷售。"
"6965","文化資產網之歷史建築資訊。\n"
"6966","文化資產網之'聚落資訊。\n"
"6967","文化資產網之遺址資訊。\n"
"8040","行政院及各級行政機關訴願業務統計。"
"8041","提供行政院科技會報辦公室每月大事紀。"
"8046","行政院性別平等會所召開歷次委員會議及會前協商會議之會議紀錄。"
"8047","行政院性別平等會所召開歷次委員會議及會前協商會議之會議紀錄。"
"8066","提供資料包含：交易日期、作物代號、作物名稱、市場代號、市場名稱、上價(元/公斤)、中價(元/公斤)、下價(元/公斤)、平均價(元/公斤)、交易量(公斤)等欄位資料。部分市場於週一休市。"
"10042","本資料集主要提供文化部整合本部及所屬各級機關(構)、以及其他公、民營單位之單一類別未過期活動資料資訊。"
"10043","本資料集主要提供文化部整合本部及所屬各級機關(構)、以及其他公、民營單位之單一文化設施資料。"
"10044","本資料集主要提供文化部整合本部及所屬各級機關(構)、以及其他公、民營單位之經緯度查詢附近未過期活動資訊"
"10045","本資料集主要提供文化部整合本部及所屬各級機關(構)、以及其他公、民營單位之單一活動詳細資料資訊"
"10046","本資料集主要提供文化部整合本部及所屬各級機關(構)、以及其他公、民營單位之單一類別文化設施資料"
"10047","本資料集主要提供文化部整合本部及所屬各級機關(構)、以及其他公、民營單位之經緯度查詢附近文化設施資料"
"10048","本資料集主要提供影視局委託台北市影音節目製作商業同業公會審查核准之錄影節目帶相關資訊。"
"10049","直轄市原住民區長"
"10050","直轄市原住民區代表"
"10052","供廠商、醫療人員及民眾查詢藥品短缺相關訊息。"
"10053","供廠商、醫療人員及民眾查詢藥品短缺相關訊息"
"10054","本資料集來源來自藥品短缺資訊網的「最新消息」，並每日與該網站同步資訊，藉以提供醫療人員、業者、研究機構和一般民眾使用。"
"10055","已領有國內許可證之含監視新藥成分藥品於國內執行生體可用率、生體相等性或溶離率曲線比對試驗之紀錄清單。上表資料統計至106年3月31日止\r\n列屬新藥(併查登)、於國外執行、供變更登記之試驗未列入本清單"
"10056","已領有國內許可證之含非監視新藥成分藥品於國內執行生體可用率、生體相等性或溶離率曲線比對試驗之紀錄清單。"
"10057","所有曾於國內執行生體可用率或生體相等性試驗(不含溶離率曲線比對試驗)之監視成分藥品統計表(依成分分類，包含已領證或未領證之藥品)\r\n\r\n計算項目包含查驗登記用(含新藥、學名藥)、上市後變更用等之類別。\r\n原案不准，申復通過者以\"
"10058","所有曾於國內執行生體可用率或生體相等性試驗(不含溶離率曲線比對試驗)之非監視成分藥品統計表(依成分分類，包含已領證或未領證之藥品)計算項目包含查驗登記用(含新藥)、上市後變更用之類別。註銷BE核備函者仍列入計算，另於備註欄註明註銷之件數。原案不准，申復通過者以\"
"10071","家庭醫師整合性照護計畫院所資料"
"10102","「即測即評及發證檢定」承辦單位之基本資料"
"10214","臺中港船舶動態資訊"
"10358","外交部單位預算"
"10361","外交部單位決算"
"10371","外交統計年報"
"10403","外交部補(捐)助團體私人情形季報表"
"10445","為提供民眾便於查閱及方便表達意見之管道，國家發展委員會建置「行政院政府計畫資訊檢視平臺」，圖形化呈現政府計畫資訊，期達到擴大民眾參與、呈現施政績效、提升資訊加值、促進政府與民眾雙向互動與落實公開課責之目標。其中個案計畫資料，係指各機關依據國家發展計畫及年度施政計畫等施政規劃內容，訂立每年度推動之重要工作項目，並於政府資料公開平臺提供各機關近5年個案計畫基本資料及執行情形等資訊。"
"10450","為提供民眾便於查閱及方便表達意見之管道，國家發展委員會建置「行政院政府計畫資訊檢視平臺」，圖形化呈現政府計畫資訊，期達到擴大民眾參與、呈現施政績效、提升資訊加值、促進政府與民眾雙向互動與落實公開課責之目標。其中，公共建設先期作業係以政府財政狀況及執行情形，分配重大公共建設計畫次一年度預算及審議之工作，並於政府資料公開平臺提供近5年公共建設計畫各次類別之預算核列數。"
"10546","外交部辦理各類媒體政策宣導廣告一覽表"
"10567","國際間旅遊疫情建議等級表，提供方式為每日更新之CSV檔及JSON檔"
"10568","國際重要疫情資訊，提供方式為每日更新之CSV檔(含歷史重要國際疫情)及JSON檔(近30天重要國際疫情)"
"10770","機關執行業務之統計資料目錄"
"10771","機關官網之施政策計畫檔案目錄"
"10854","文化部年度預算報表，含作業基金"
"10862","本資料內容除包括總目錄，提供案例彙編目錄及案例摘要與依據之法條外，主要係就水利法規（包括水利法、水權登記審查作業要點、溫泉法及溫泉開發許可辦法等）常見案例予以介紹，於每一則案例中，其內容除個案事實簡介外，尚包括訴願及行政救濟之理由，並附有訴願決定書、法院判決等文書連結以供查詢，期能藉此使同仁與民眾對水利法規或相關案例能獲得相當之理解及認識。\r\n本資料業已公布於水利署全球資訊網，開放資料係公布連結清冊。"
"10864","本資料內容包括防災避災工具、經濟部水利署轄管綠美化水岸土地維護管理要點、河川區域種植申請、水源保育與回饋業務、核發土地使用未違反水利法證明文件、地下水水權臨時用水登記申請手冊、地面水水權登記申請手冊、水庫蓄水範圍內施設建造物申請規定、節水小撇步及建築物雨水貯留利用之水質建議值等，期能藉此資訊的公布使民眾對相關要點與規定能獲得相當之理解及認識。\r\n本資料業已公布於水利署全球資訊網，開放資料係公布連結清冊。"
"10865","本資料內容係提供水利署施政計畫，包含重要河川環境營造計畫、海岸環境營造計畫及區域排水整治及環境營造計畫，說明約略含括計畫緣起（依據、未來環境預測、問題評析）、計畫目標（目標說明、達成目標之限制、預期績效指標及評估基準）、現行相關政策及方案之檢討（現行政策、改進策略建議）、執行策略方法（執行策略、主要工作、分年執行策略、執行步驟與分工）、期程與資源需求（計畫期程、所需資源說明、經費來源及計算基準、經費需求）及預期效果及影響（效益評估、效益綜合評估、預期成果、風險管理）等內容。\r\n本資料業已公布於水利署全球資訊網，開放資料係公布連結清冊。"
"10867","提供水利統計動態"
"10874","提供年度預算"
"10875","提供年度決算"
"10876","提供書面公共工程及採購契約資訊"
"10877","提供補助地方政府案件及捐助民間團體及個人案件"
"11060","本資料集提供本署新聞公告資料，提供學術單位、業者、民眾等使用者使用。"
"11214","勞動部主管勞動業務財團法人名冊"
"11218","勞動部保有個人資料檔案公開項目"
"11234","勞動部勞工保險局廉政會報設置要點"
"11235","公開勞動部勞工保險局所保有及管理之個人資料項目"
"11237","提供職業工會、漁會勞工保險業務行政事務費各縣市統計資料"
"11245","最近一年度之勞工保險統計年報"
"11246","提供勞動部各單位職掌"
"11247","提供勞動部性別平等相關資訊"
"11369","提供每日上櫃股票市場現況(櫃買中心)"
"11371","上櫃股票收盤行情(櫃買中心)"
"11500","本資料集提供年度管制藥品實地稽核結果資料，並每年更新，藉此提供一般民眾等使用者使用。"
"11501","本資料集提供年度管制藥品實地稽核查獲違規者違規項目統計資料，並每年更新，藉此提供一般民眾等使用者使用。"
"11502","本資料集來源來自食品藥物管理署之藥物食品安全週報專區，並每週與該網頁同步更新，藉以提供一般民眾使用。"
"11503","本資料集提供103年以後「牛海綿狀腦病專家諮詢會議之會議記錄」，以提供一般民眾、業者、學術機構等使用。"
"11504","本資料集提供輸入食品安全管理國際研討會議資料，藉此提供學術單位、業者、民眾等使用者使用。"
"11505","本資料集提供輸入食品管理暨輸入查驗統計年報出版品連結，藉此提供學術單位、業者、民眾等使用者使用。"
"11506","本資料集提供輸入食品宣導單張資料，藉此提供、業者、民眾等使用者使用。"
"11507","本資料集提供食品藥物管理署認可之HACCP課程辦理單位名單資料，藉此提供學術單位、業者、民眾等使用者使用。"
"11508","本資料集提供各縣市衛生局認可之衛生教育講習機構名單資料，藉此提供學術單位、業者、民眾等使用者使用。"
"11509","本資料集提供廚師證書辦理單位名單資料，藉此提供學術單位、業者、民眾等使用者使用。"
"11510","本資料集提供民國100年至102年「臺灣觀光夜市美食街衛生自主管理與輔導資料」，提供一般民眾參考使用。惟103年起未辦理觀光夜市美食街之輔導計畫，故本資料集將不再新增資料。"
"11511","針對國際化粧品回收資訊，由人工每日巡查國外衛生機關網站公布的資訊，主要選定本國進口量較大的國家，例如美、英、日、歐盟…等國家，翻譯並彙整後公開的資料。"
"11512","本資料集提供公告檢驗方法資料，藉此提供學術單位、實驗機構、業者、民眾等使用者使用。"
"11513","本資料集提供建議檢驗方法資料，藉此提供學術單位、實驗機構、業者、民眾等使用者使用。"
"11514","本資料集提供食品添加物規格檢驗方法資料，藉此提供學術單位、實驗機構、業者、民眾等使用者使用。"
"12352","行政院農業委員會畜產試驗所104年度決算書XML格式之壓縮檔，內含歲入來源別決算表、歲出政事別決算表等主要表及各項附屬表。"
"12363","104年度單位預算案XML壓縮檔"
"15220","勞保暨就保保費、滯納金及墊償基金應收己收統計表(類別序)，統計每個類別之勞保保費、就保保費、滯納金及墊償基金之件數及金額；計算區間為上個月系統處理之資料"
"15221","由民眾及各單位提供給警察廣播電臺之即時路況資料"
"15866","資料提供包括：錄音時間、檔案序號、頻譜圖檔案路徑、聲音檔案路徑、錄音設備代號、觀測點在資料庫的編號等欄位資訊。"
"15867","資料提供包括：錄音時間、檔案序號、頻譜圖檔案路徑、聲音檔案路徑、錄音設備代號、觀測點在資料庫的編號等欄位資訊。"
"15868","資料提供包括：錄音時間、檔案序號、頻譜圖檔案路徑、聲音檔案路徑、錄音設備代號、觀測點在資料庫的編號等欄位資訊。"
"15869","資料提供包括：照片序號、拍攝日期時間、當時天氣、溫度、相對溼度、資料上傳日期、照片檔案路徑等欄位資訊。"
"15870","資料提供包括：錄音時間、檔案序號、頻譜圖檔案路徑、聲音檔案路徑、錄音設備代號、觀測點在資料庫的編號等欄位資訊。"
"15871","資料提供包括：錄音時間、檔案序號、頻譜圖檔案路徑、聲音檔案路徑、錄音設備代號、觀測點在資料庫的編號等欄位資訊。"
"15872","資料提供包括：錄音時間、檔案序號、頻譜圖檔案路徑、聲音檔案路徑、錄音設備代號、觀測點在資料庫的編號等欄位資訊。"
"15873","資料提供包括：錄音時間、檔案序號、頻譜圖檔案路徑、聲音檔案路徑、錄音設備代號、觀測點在資料庫的編號等欄位資訊。"
"15874","資料提供包括：錄音時間、檔案序號、頻譜圖檔案路徑、聲音檔案路徑、錄音設備代號、觀測點在資料庫的編號等欄位資訊。"
"15875","資料提供包括：錄音時間、檔案序號、頻譜圖檔案路徑、聲音檔案路徑、錄音設備代號、觀測點在資料庫的編號等欄位資訊。"
"15876","資料提供包括：錄音時間、檔案序號、頻譜圖檔案路徑、聲音檔案路徑、錄音設備代號、觀測點在資料庫的編號等欄位資訊。"
"15877","資料提供包括：檔案序號、檔案收集日期、資料收集筆數、檔案下載等欄位資訊。"
"15878","資料提供包括：檔案序號、檔案收集日期、資料收集筆數、檔案下載等欄位資訊。"
"15879","資料提供包括：檔案序號、檔案收集日期、資料收集筆數、檔案下載等欄位資訊。"
"15880","資料提供包括：檔案序號、檔案收集日期、資料收集筆數、檔案下載等欄位資訊。"
"15881","資料提供包括：檔案序號、檔案收集日期、資料收集筆數、檔案下載等欄位資訊。本氣象資料之收集方式為試驗性質，資料並不穩定，已於2014年2月儀器損壞後撤站。"
"15943","政府資料開放平臺之「我還想要」民眾建議開放資料清單，包含標題、發表日期、瀏覽次數、回應次數、建議人、建議開放的欄位、建議資料集名稱、建議原因、最後回應時間等欄位。"
"15944","政府資料開放平臺之「我有話要說」民眾建議開放資料清單，包含發表日期、資料集名稱、意見標題、意見內容、回覆狀態等欄位。"
"15945","政府資料開放平臺之「活化應用展示」資料清單，包含標題、應用簡介、創作者、應用特色、連結等。"
"15946","政府資料開放平臺「活化應用推薦」資料清單，包含標題、應用簡介、應用特色、應用開放資料、推薦人、推薦連結等。"
"15947","政府資料開放平臺「最新消息」刊登清單，包含標題、發佈日期、內容等。"
"16013","本資料集是特有生物研究保育中心根據中央研究院TaiBnet團隊於2014年9月提供的資料集摘錄而來。"
"16014","此一資料集係根據中央研究院在TaiBnet所發布的台灣物種清單，篩選出動物界(Animalia)且是特有種的資料集合而成。"
"16016","此一資料集係由特有生物研究保育中心收集部份鱗翅目昆蟲資料並結合中央研究院TaiBnet名錄檔而成，主要為蝶類，少數是蛾類，共303筆資料。"
"16017","此一資料集係根據中央研究院在TaiBnet所發布的台灣物種清單，篩選出動物界(Plantae)且是特有種的資料集合而成。"
"16019","本資料集為執行蘇花公路改善工程生物監測計畫，蛾類調查所得資料集，由交通部公路總局蘇花公路改善工程處主辦，委託農委會特有生物保育中心執行。"
"16020","此一資料集是參考美國聖誕節鳥類調查，設計「臺灣新年數鳥嘉年華」監測我國冬季的鳥類相，由特有生物研究保育中心、中華民國野鳥學會、台北市野鳥學會、高雄市野鳥學會等共同合作，於2013年底至2014年初的16天內，由598名志工於全國122個半徑3km的樣區圓內執行鳥類調查，共記錄292種，189,280隻次的鳥類。"
"16021","公民營製造業、用水、電力及燃氣供應業污染防治支出含1.資本支出：新購買之污染防治設備、新購供污染防治設備使用之土地；2.經常支出為租用污染防治設備(含廠房)租金、污染防治設備操作維護費用、相關研究發展費用、委託民間處理費用；3.污染防治附帶收入。污染防治支出=資本支出+經常支出-污染防治附帶收入。"
"16023","提供使用者查詢清除機構所屬已裝置即時追蹤系統之事業廢棄物清運機具之基本資料，資料內容包含：清除機構管編、清除機構名稱、清除機構地址、清除機構所屬之清運機具車號、車型種類、操作合格圖樣編號、清運機具之車機規格、最近異動日期，以有效提供使用者了解該清除機構之相關基本資料。"
"16024","我國1990至2014年各種溫室氣體排放量,其中排放量單位為千公噸二氧化碳當量,NE代表未估計,指對現有源排放量和匯清除量沒有估計"
"16027","應符合室內空氣品質管理法之第一批公告場所，自中華民國103年7月1日生效。"
"16028","提供一般民眾查詢國內公害糾紛司法案件資料"
"16029","提供一般民眾查詢國外公害糾紛司法案件資料"
"16030","各地區的公害鑑定相關單位，包含公害事件發生時可尋求支援的農政單位、鑑定單位等資訊。"
"16031","行政院環境保護署為鼓勵飲料販賣業者提供折扣給自備環保杯之消費者，及讓民眾查詢相關店家資訊，達成減少使用一次用飲料杯之目的。提供以下資訊，鼓勵民眾自備飲料杯盛裝飲料，可依優惠方案、品牌名稱或方案內容等條件查詢，按下查詢即可搜尋飲料販賣業者提供之自備飲料杯優惠活動訊息。"
"16032","行政院環境保護署為鼓勵有店面餐飲業提供折扣給自備餐具或容器之消費者，達成減少免洗餐具使用之目的。提供以下資訊可依餐廳名稱、所在區域、優惠折扣類型等條件查詢，按下查詢即可搜尋各項自備餐具優惠活動訊息。"
"16033","環保標章產品審查通過及有效數資料(第一類環境保護產品)"
"16034","檢測機構環保標章檢測項目登錄認可清單"
"16035","碳粉匣對應型號"
"16036","廠商獲頒產品數統計(第一類環境保護產品)"
"16037","廠商獲頒產品數統計(第二類環境保護產品)"
"16059","溫室氣體排放量(申報)"
"16196","資料提供包括：稽查年度、稽查次數、縣市別、受檢廠商名稱、抽檢件數、檢驗結果等欄位資訊。"
"16221","資料提供包括：產品類別、送檢單位、廠商名稱、樣品名稱、採樣地點、採樣日期、結果、不合格項目說明等欄位資訊。"
"16275","資料提供包括：執行機關、日期、抽檢編號、名稱、農藥殘留抽驗、重金屬、防腐劑、標示檢查等欄位資訊。"
"16295","資料提供包括：編號、抽檢日期、商品名稱、條碼編號、經營業者名稱、採樣地點、抽檢結果、備註等欄位資訊。"
"16377","創業諮詢服務計畫-創業顧問資料"
"16378","全球創業觀察調查(GEM)為一大型跨國創業調查研究計畫，此資料集提供年度臺灣整體創業行為研究執行摘要"
"16381","全國育成中心聯絡資訊"
"16431","資料提供包括：年度、地區別、年底養蜂戶數(戶)、本地種-年底飼養箱數、本地種-全年採蜜期數、本地種-蜂蜜-合計-數量(公斤)、本地種-蜂蜜-合計-價值(新台幣元)、本地種-蜂蜜-荔枝及龍眼蜜生產-數量(公斤)、本地種-蜂蜜-荔枝及龍眼蜜生產-價值(新台幣元)、本地種-百花蜜生產-數量(公斤)、本地種-百花蜜生產-價值(新台幣元)、本地種-蜂王漿生產-數量(公斤)、本地種-蜂王漿生產-價值(新台幣元)、本地種-蜂蠟生產-數量(公斤)、本地種-蜂蠟生產-價值(新台幣元)、外來種-年底飼養箱數、外來種-全年採蜜期數、外來種-蜂蜜-合計-數量(公斤)、外來種-蜂蜜-合計-價值(新台幣元)、外來種-蜂蜜-荔枝及龍眼蜜生產-數量(公斤)、外來種-蜂蜜-荔枝及龍眼蜜生產-價值(新台幣元)、外來種-百花蜜生產-數量(公斤)、外來種-百花蜜生產-價值(新台幣元)、外來種-蜂王漿生產-數量(公斤)、外來種-蜂王漿生產-價值(新台幣元)、外來種-蜂蠟生產-數量(公斤)、外來種-蜂蠟生產-價值(新台幣元)等欄位資訊。"
"16460","資料提供包括：生產者、採樣地點、不合格殘留情形、備註等欄位資訊。"
"16461","為提升全國各立案短期補習班之管理，藉由資訊公開加強各短其補習補之品質，並充分提供民眾（含學生、家長）知的訊息，掌握選擇合法立案之短期補習班訊息，避免未立案者影響民眾（含學生、家長）權益"
"16827","行政院資料開放諮詢小組會議紀錄"
"16926","本資料集主要提供全台灣水利署所掌管之最新各中央管河川疏濬資訊，包括疏濬規劃量與目前執行量等相關資訊。"
"16927","不定期提供本署出版品成果報告書書目訊息，包括題名、作者、出版項、出版日期、分類號、統一編號、中文摘要等訊息"
"16928","提供水利署最新訊息，包括新聞稿、公告及徵才等。"
"16932","全台各縣市及鄉鎮市區之每月售水量資料"
"16933","提供水利署組織與職掌、地址、電話、傳真、網址及電子郵件信箱連結"
"16934","辦理國家賠償事件收結情形表"
"16936","提供水利統計資料指標"
"16937","提供公務統計報表"
"16938","提供公務統計方案"
"16940","提供各縣市水利統計分析"
"16942","提供各期水利統計簡訊"
"17017","基隆港最近24小時船舶實際進/出港時間"
"17018","基隆港進港預報次序"
"17020","基隆港移錨預報(依船名/時間)"
"17021","基隆港非作業船舶最新動態表"
"17092","資料提供包括：縣市、日期、稉種白米零售價格(元/每公斤)、硬秈白米零售價格(元/每公斤)、軟秈白米零售價格(元/每公斤)、圓糯白米零售價格(元/每公斤)、長糯白米零售價格(元/每公斤)、稉種白米躉售價格(元/每百公斤)、硬秈白米躉售價格(元/每百公斤)、軟秈白米躉售價格(元/每百公斤)、圓糯白米躉售價格(元/每百公斤)、長糯白米躉售價格(元/每百公斤)等欄位資料。"
"17094","提供資料包括：標題、編號、品名、國際條碼、廠商名稱、廠商地址、檢驗結果、不合格原因、違反規定、行政處分、更新日期等欄位資訊。"
"17146","提供資料包括：卷期號、出刊日期、PDF檔名、PDF連結等欄位資訊。"
"17148","本資料集介接TFDA署網「食藥闢謠專區」資料連結，並藉此提供一般民眾等相關網路謠言澄清。"
"17173","基隆港船席現況明細表"
"17174","基隆港當日船席指泊明細表"
"17182","行政院主計總處「政府資料開放諮詢小組」會議紀錄"
"17185","102年原住民就業狀況調查:15歲以上就業者每月收入情形"
"17186","102年原住民就業狀況調查:工作所中有無因原住民的身分受到歧視調查統計"
"17187","102年原住民就業狀況調查:參加社會與個人保險之種類"
"17188","102年原住民就業狀況調查:就業資訊管道利用情形-1"
"17189","102年原住民就業狀況調查:就業資訊管道利用情形-2"
"17190","102年原住民就業狀況調查:職業災害相關調查統計"
"17208","大專以上學校學生休學原因(同一個資料集,每年增加資料)"
"17209","大專以上學校學生退學原因"
"17210","原住民族高中職以下學校學生家庭情形"
"17211","國中小學校學生輟學情形統計"
"17212","國中小學校學生轉學(轉出)情形統計(同一個資料集,每年增加資料)"
"17223","原住民經濟狀況調查：99年度臺灣原住民家庭支出情形分析統計"
"17224","原住民經濟狀況調查：99年度臺灣原住民家庭收入情形分析統計"
"17225","原住民經濟狀況調查：99年度臺灣原住民家庭經濟戶長住宅所有權狀況分析統計"
"17226","原住民經濟狀況調查：99年度臺灣原住民家庭經濟戶長負債情形分析統計"
"17227","原住民經濟狀況調查：99年度臺灣原住民家庭經濟戶長就業情形分析統計"
"17228","原住民經濟狀況調查：99年度臺灣原住民家庭經濟戶長貸款資金需求分析統計"
"17231","國民年金被保險人申請分期繳納保險費之申請件數及符合分期繳納規定者件數之統計"
"17247","提供每日上櫃股票漲跌停未成交資訊(櫃買中心)"
"17248","提供每日上櫃股票日成交量值指數(櫃買中心)"
"17249","提供每日上櫃股票融券賣出與借券賣出成交量值(櫃買中心)"
"17250","提供每日上櫃股票各券商當日營業金額統計表(櫃買中心)"
"17251","提供當日上櫃股票盤中個股成交金額排行(櫃買中心)"
"17252","提供當日上櫃股票盤中個股漲幅排行(櫃買中心)"
"17253","提供當日上櫃股票盤中個股跌幅排行(櫃買中心)"
"17254","提供每日上櫃股票應付現股當日沖銷券差借券費率(櫃買中心)"
"17255","提供每日上櫃股票暫停先賣後買當日沖銷交易標的預告表(櫃買中心)"
"17256","提供每日上櫃股票暫停先賣後買當日沖銷交易歷史查詢(櫃買中心)"
"17257","提供每日上櫃股票歷史個股市值排行(櫃買中心)"
"17258","提供每日上櫃股票歷史個股週轉率排行(櫃買中心)"
"17259","提供每日上櫃股票歷史個股日均量排行(櫃買中心)"
"17260","提供每日上櫃股票歷史個股日均值排行(櫃買中心)"
"17261","提供每日上櫃股票歷史類股成交價量比重(櫃買中心)"
"17262","提供每日上櫃股票歷史個股本益比排行(櫃買中心)"
"17263","提供每日上櫃股票鉅額交易日成交資訊(櫃買中心)"
"17264","提供每日上櫃股票個股單一證券鉅額交易日成交資訊(櫃買中心)"
"17265","提供每日上櫃股票鉅額交易日成交量值統計(櫃買中心)"
"17266","提供每月上櫃股票鉅額交易月成交量值統計(櫃買中心)"
"17267","提供每年上櫃股票鉅額交易年成交量值統計(櫃買中心)"
"17293","育嬰留職停薪者對申請津貼程序、相關措施及政策之認知、需求及滿意情形"
"17326","提供資料包括：標題、連結、發布日期、內容等欄位資料。"
"17327","提供資料包括：市場代碼、市場簡稱、市場名稱、交易日期、產品代碼、產品名稱、產品類型、數量、平均重、平均價、最高價格等欄位資料。"
"17328","提供資料包括：市場代碼、市場簡稱、市場名稱、交易日期、下次交易日期、本次進場頭數、下次拍賣預估頭數、屠宰頭數等欄位資料。"
"17340","提供農會最近一年度申報個人欠費暨繳納之人次及金額統計資料"
"17341","依年齡組別、性別及地區別提供前一年度老年農民福利津貼核付人數統計資料"
"17384","提供每日上櫃股票歷史個股成交量排行(櫃買中心)"
"17385","提供每日上櫃股票歷史個股成交值排行(櫃買中心)"
"17436","提供水利統計書刊"
"17489","提供資料包括：年度、地區別、年底飼養戶數、年底產乳牛頭數、全年產乳量(公斤)、全年價值(新臺幣元)等欄位資訊。"
"17502","綜合所得稅夫妻分開計稅之綜合所得應納稅額及稅率10分位申報統計表"
"20040","歲入來源別決算表、歲出政事別決算表、歲出機關別決算表、歲入類平衡表、經費類平衡表、以前年度歲出機關別轉入數決算表、以前年度歲出政事別轉入數決算表。"
"20061","104年度行政院農業委員會畜產試驗所會計報告XML格式之壓縮檔，內含歲入類平衡表、經費類平衡表等主要表及各項附屬表"
"20198","上櫃融資融券暫停融券賣出預告表(櫃買中心)"
"20208","上櫃融資融券調整成數(櫃買中心)"
"20209","上櫃融資融券標借(櫃買中心)"
"20210","上櫃信用交易餘額概況表(櫃買中心)"
"20211","上櫃平盤下得融(借)券賣出之證券名單(櫃買中心)"
"20212","上櫃融資融券使用率報表(櫃買中心)"
"20213","上櫃融資融券增減排行表(櫃買中心)"
"20214","上櫃僑外資及陸資持股比例排行表(櫃買中心)"
"20215","上櫃各類股僑外資及陸資持股比例表(櫃買中心)"
"20216","櫃買指數成分股(櫃買中心)"
"20218","上櫃股票各類股指數(櫃買中心)"
"20219","櫃買指數與報酬指數之收市指數(櫃買中心)"
"20220","櫃買「富櫃五十指數」當日成分股(櫃買中心)"
"20221","櫃買「富櫃五十指數」當日收盤指數(櫃買中心)"
"20222","櫃買「高殖利率指數」當日成分股(櫃買中心)"
"20223","櫃買「高殖利率指數」當日收盤指數(櫃買中心)"
"20224","櫃買「薪酬指數」當日成分股(櫃買中心)"
"20225","櫃買「薪酬指數」當日收盤指數(櫃買中心)"
"20226","櫃買「薪酬指數」歷史收盤指數(櫃買中心)"
"20228","櫃買「勞工就業88指數」當日成分股(櫃買中心)"
"20229","櫃買「勞工就業88指數」當日收盤指數(櫃買中心)"
"20230","櫃買「勞工就業88指數」歷史收盤指數(櫃買中心)"
"20243","公務人員、公職人員、志願役軍人健保費負擔金額表"
"20245","私立學校教職員健保費負擔金額表"
"20246","公民營事業機構及有一定雇主受雇者健保費負擔金額表"
"20248","雇主、自營業主、專門職業及技術人員自行執業者健保費負擔金額表"
"20252","提供按行政區域、健保卡申辦地點情形等資訊"
"20253","提供按行政區域、減免註記、單位名稱、電話、傳真、地址補助健保保險費聯繫資料等資訊"
"20255","提供按縣市別、鄉鎮市區公所別(單位名稱)、電話、傳真、地址、聯絡窗口人員聯繫資料等資訊"
"20401","104年度行政院農業委員會特有生物研究保育中心會計報告資料"
"20402","103年度行政院農業委員會特有生物研究保育中心單位決算資料"
"20405","行政院農業委員會林務局會計報告。本會計報告資料自104年1月份開始提供開放。"
"20465","行政院農業委員會桃園區農業改良場103年度單位決算"
"20518","(1)包含歷年收容之人數、金額(含膳食費及旅費)及平均收容天數。\r\n(2)提供違反就業服務法第60條之收容情形。"
"20522","可瞭解直接聘僱聯合服務中心服務雇主、外籍勞工及代轉代寄狀況。"
"20527","可瞭解直接聘僱跨國選工管理服務網路系統雇主、外籍勞工資料數及媒合情形"
"20552","本資料集提供食品廣告標示諮議會委員名單，藉此提供學術單位、業者、民眾等使用者使用。"
"20553","本資料集提供食品檢驗方法諮議會委員名單，藉此提供學術單位、業者、民眾等使用者使用。"
"20554","本資料集提供食品檢驗機構認證審議小組委員名單，藉此提供學術單位、業者、民眾等使用者使用。"
"20555","本資料集提供濫用藥物尿液檢驗機構認可實地評鑑委員名單，藉此提供學術單位、業者、民眾等使用者使用。"
"20556","本資料集提供濫用藥物尿液檢驗機構認可審議委員會委員名單，藉此提供學術單位、業者、民眾等使用者使用。"
"20557","本資料集提供藥物化粧品檢驗機構認證審議小組委員名單，藉此提供學術單位、業者、民眾等使用者使用。"
"20558","本資料集提供藥物非臨床試驗GLP認證審議小組委員名單，藉此提供學術單位、業者、民眾等使用者使用。"
"20559","本資料集提供食品衛生安全與營養諮議會委員名單，藉此提供學術單位、業者、民眾等使用者使用。"
"20560","本資料集提供健康食品及膠囊錠狀食品非預期反應諮議小組委員名單，藉此提供學術單位、業者、民眾等使用者使用。"
"20561","本資料集提供健康食品審議小組委員名單，藉此提供學術單位、業者、民眾等使用者使用。"
"20562","本資料集提供基因改造食品審議小組委員名單，藉此提供學術單位、業者、民眾等使用者使用。"
"20563","本資料集提供基因改造食品諮議會委員名單，藉此提供學術單位、業者、民眾等使用者使用。"
"20564","正面表列規定外源性農藥殘留容許量標準。"
"20565","本資料集介接TFDA署網「最新食品輻射監測專區」資料連結，並藉此提供學術單位、業者、民眾等使用者使用。"
"20566","本資料集提供醫療器材安全評估諮議會委員名單，藉此提供學術單位、業者、民眾等使用者使用。"
"20567","本資料集提供醫療器材諮議會委員名單，藉此提供學術單位、業者、民眾等使用者使用。"
"20568","本資料集提供再生醫學諮議小組委員名單，藉此提供學術單位、業者、民眾等使用者使用。"
"20569","本資料集提供指示藥品及成藥諮議小組委員名單，藉此提供學術單位、業者、民眾等使用者使用。"
"20570","本資料集提供國產原料藥諮議小組委員名單，藉此提供學術單位、業者、民眾等使用者使用。"
"20571","本資料集提供提昇藥事服務品質諮議小組委員名單，藉此提供學術單位、業者、民眾等使用者使用。"
"20572","本資料集提供藥品安全評估諮議小組委員名單，藉此提供學術單位、業者、民眾等使用者使用。"
"20573","本資料集提供藥品諮議小組委員名單，藉此提供學術單位、業者、民眾等使用者使用。"
"20574","本資料集提供藥害救濟審議委員會委員名單，藉此提供學術單位、業者、民眾等使用者使用。"
"20575","本資料集介接TFDA署網的政府資訊公開「會計月報」，並藉此提供學術單位、業者、民眾等使用者使用。"
"20592","從事業單位填報職業災害網路填報系統數據，提供各業與受傷部位統計分析資料"
"20682","臺中港最近２４小時船舶實際進港時間"
"20683","臺中港最近２４小時船舶實際出港時間"
"20684","臺中港進港預報次序"
"20685","臺中港移錨預報(依船名/時間)"
"20686","臺中港非作業船舶最新動態表"
"20705","105年度行政院農業委員會高雄區農業改良場單位預算"
"20949","文化部年度決算報表，含作業基金"
"20999","105年度行政院農業委員會特有生物研究保育中心單位預算案資料"
"21025","1998年起每日登革熱確定病例統計，資料更新頻率為每日更新"
"21026","近12個月每日登革熱確定病例統計，資料更新頻率為每日更新"
"21046","提供重大職業災害傷亡、發生區域(轄區)及災害人數等數據資料"
"21049","各勞動檢查機構實施檢查場次及處分統計資料"
"21128","工作計畫用途別科目名稱與預算金額"
"21158","行政院農業委員會苗栗區農業改良場105年度單位預算案預算書"
"21161","行政院農業委員會苗栗區農業改良場103年度單位決算書"
"21198","彙整職能基準資料"
"21200","彙整職能導向課程資料"
"21205","提供會員申請各項服務時，選擇合適的專業人員"
"21208","苗栗區農業改良場104年度會計月報"
"21209","介紹NTDA之歷史、實施概況及活動性質"
"21212","發布有關本獎項之最新消息"
"21214","本獎項第一屆及第二屆得獎單位名單"
"21222","本獎項相關活動之辦理實況簡述、內容簡述等"
"21229","說明報名NTDA之資格、流程、評審標準及報名方式"
"21232","提供住宅建設下載專區資料，包含住宅建設的單位、組別、名稱、路徑、建立時間等資料"
"21234","提供國家公園計畫下載專區資料，包含國家公園計畫的單位、組別、名稱、路徑、建立時間等資料"
"21251","資料來源：保險醫事服務機構醫療服務點數申報資料\n分子：分母ID中,在統計期間有執行血液肌酸酐檢查的病人ID歸戶人數。\n分母：門診主次診斷為糖尿病且使用糖尿病用藥的病人數。\n計算公式：(分子/分母)x100％。\n\n"
"21254","資料來源：保險醫事服務機構醫療服務點數申報資料。\n分子：分母案件中有使用β-Blocker人數。\n分母：高血壓且有高血壓用藥病患勾稽病史檔，有二度或三度心臟傳導隔斷病史的人數。\n計算公式：(分子/分母)x100％\n"
"21255","資料來源：保險醫事服務機構醫療服務點數申報資料\n分子：分母案件中有追蹤血鉀數值(執行血鉀檢查09022C)的人數\n分母：有高血壓診斷且有高血壓用藥病患勾稽病史檔，有高鉀血症病史，且有使用Potassium-sparingdiuretics(保鉀型利尿劑)或AldosteroneAntagonist(醛固酮拮抗劑)的人數。\n計算公式：(分子／分母）x100％　\n\n"
"21256","資料來源：保險醫事服務機構醫療服務點數申報資料。\n分子：各醫事機構在資料統計期間，注射劑劑藥品案件數。\n分母：各醫事機構在資料統計期間，給藥案件數。\n計算公式：(分子/分母)x100％\n\n"
"21257","資料來源：保險醫事服務機構醫療服務點數申報資料。\n分子：按院所、病人身份證號歸戶，計算因上呼吸道感染於同一院所，重複就診2次（含）以上之人數。\n分母：按院所、病人身份證號歸戶，計算院所上呼吸道感染人數。\n計算公式：(分子／分母）x100％　\n\n\n"
"21272","資料來源：保險醫事服務機構醫療服務點數申報資料\n分子：6歲以下兒童因氣喘住院人數。\n分母：6歲以下兒童曾因氣喘至門住診就醫人數。\n計算公式：(分子／分母）x100%\n\n"
"21273","資料來源：保險醫事服務機構醫療服務點數申報資料\n分子：分母ID中，當年有執行「空腹血脂檢查」的人數。\n分母：門診主次診斷為糖尿病且使用糖尿病用藥之病人數。\n計算公式：(分子／分母）x100%\n"
"21274","資料來源：保險醫事服務機構醫療服務點數申報資料\n分子：分母之病患曾作過成人預防保健的人數。\n分母：病患於該診所就醫次數≧6次之40歲至64歲成人。\n計算公式：(分子／分母）x100%\n\n"
"21275","資料來源：保險醫事服務機構醫療服務點數申報資料\n分子：分母之病患曾作過成人預防保健的人數。\n分母：病患於該診所就醫次數≧6次之65歲以上成人。\n計算公式：(分子／分母）x100%\n\n\n"
"21276","資料來源：保險醫事服務機構醫療服務點數申報資料\n分子：分母之病患曾作過兒童預防保健的人數。\n分母：病患於該診所就醫次數≧6次之3歲以下兒童。\n計算公式：(分子／分母）x100%\n\n"
"21277","資料來源：保險醫事服務機構醫療服務點數申報資料\n分子：分母之病患曾作過兒童預防保健的人數。\n分母：病患於該診所就醫次數≧6次之3歲至6歲之兒童。\n計算公式：(分子／分母）x100%"
"21278","資料來源：保險醫事服務機構醫療服務點數申報資料\n分子：指消化性潰瘍新病患中，合併使用消化性潰瘍用藥（註2）及1種以上抗生素，持續使用7天以上之人數。\n分母：指消化性潰瘍新病患人數。\n計算公式：(分子／分母）x100%"
"21281","104年度行政院農業委員會種苗改良繁殖場會計報告資料"
"21284","提供都市設計審查下載專區資料，包含都市設計審查的單位、組別、名稱、路徑、建立時間等資料"
"21285","提供都委會下載專區資料，包含都委會的單位、組別、名稱、路徑、建立時間等資料"
"21286","提供區委會下載專區資料，包含區委會的單位、組別、名稱、路徑、建立時間等資料"
"21287","提供活動新訊資料，包含活動的單位、起迄日期、主題、地點、聯絡方式等資料"
"21288","提供專題報導資料，包含單位、主題、內容等資料"
"21289","提供解釋函彙編資料，包含單位、主題、內容等資料"
"21290","提供政府資訊公開下載專區資料，包含政府資訊公開的單位、組別、名稱、路徑、建立時間等資料"
"21366","茶業改良場單位預算"
"21367","茶業改良場會計月報"
"21379","歲入來源別轉入數決算表等"
"21381","平衡表等"
"21432","歲入來源別預算表、歲出機關別預算表、歲入項目說明提要表、歲出計畫提要及分支計畫概況表、各項費用彙計表、歲出一級用途別科目分析表、資本支出分析表、人事費分析表、預算員額明細表、公務車輛明細表、現有辦公房舍明細表、收支併列案款對照表、捐助經費分析表、派員出國計畫預算總表、派員出國計畫預算類別表－考察、視察、訪問、派員出國計畫預算類別表－開會、談判、派員出國計畫預算類別表－進修、研究、實習、歲出按職能及經濟性綜合分類表"
"25041","可轉債資產交換ASO及ASW銀行承作餘額(櫃買中心)"
"25055","國立臺灣美術館之台灣數位藝術知識與創作流通平台-專訪資料"
"25056","國立臺灣美術館之台灣數位藝術知識與創作流通平台-編輯特邀資料"
"25057","國立臺灣美術館之台灣數位藝術知識與創作流通平台-藝術家群像資料"
"25059","國立臺灣美術館之台灣數位藝術知識與創作流通平台-科技專題"
"25060","國立臺灣美術館台灣數位藝術知識與創作流通平台-藝廊資料"
"25061","國立臺灣美術館台灣數位藝術知識與創作流通平台-作品資料庫資料"
"25062","國立臺灣美術館之台灣數位藝術知識與創作流通平台-論述資料庫資料"
"25063","國立臺灣美術館之台灣數位藝術知識與創作流通平台-跨界創作成果資料庫資料"
"25131","提供消費者保護會之國際消費者保護資訊摘要"
"25132","提供消費者保護會發布之活動訊息"
"25133","99年8月4日修正公布災害防救法第17條第3項：「行政院每年應將災害防救白皮書送交立法院」，以揭露國家災害防救基本政策、國土保（復）育策略、災害防救機制、防災與治水預算、相關法律制（修）定進度。"
"25134","災害防救基本計畫由中央災害防救委員會擬訂，經中央災害防救會報核定後，由行政院函送各中央災害防救業務主管機關及直轄市、縣（市）政府據以辦理災害防救事項。"
"25135","提供中部聯合服務中心之最新消息。"
"25290","以本部整合之公民營單位的藝文活動資訊為範圍，設定每月主題，推薦相關的藝文活動"
"25292","以本部整合之公民營單位的藝文活動資訊為範圍，推薦節慶相關的活動"
"25305","資料來源：保險醫事服務機構醫療服務點數申報資料。分子：每季所有屬中醫總額之門診給藥案件；按分區別及病人代號歸戶，計算每個代號的重複給藥日份加總，排除給藥日份重複為1日之重複日數。分母：給藥案件之給藥日份加總。"
"25328","提供資料包括：編號、品名、國際條碼、廠商名稱、廠商地址、檢驗結果、更新日期等欄位資料。"
"25329","提供資料包括：標題、抽檢日期、抽檢編號、樣品名稱、農產品經營業者_進口業者、農產品經營業者_進口業者_地址、有機農產品驗證機構、標示檢查結果、採樣地點、備註、說明等欄位資訊。"
"25331","提供資料包括：分類、標題、抽檢日期、收樣日期、抽檢編號、樣品名稱、農產品經營業者_進口業者、農產品經營業者_進口業者_地址、有機農產品驗證機構、檢出藥劑ppm、採樣地點、備註、說明等欄位資訊。"
"25332","提供資料包括：標題、生產者、採樣地點、樣品名稱、檢出藥劑ppm、備註、說明等欄位資料。"
"25333","提供資料包括：標題、生產者、採樣地點、樣品名稱、檢出藥劑ppm、備註、說明等欄位資訊。"
"25336","資料提供包括：年、月、期數、標題、連結網址、品項分類、關鍵字、資料來源、建立日期、更新日期等欄位資料。"
"25437","提供行政院性別平等會各分工小組之歷次工作會議紀錄"
"25438","提供行政院消保會研擬各年度之消費者保護計畫，並列計57項具體措施為主軸，涵括各中央主管機關及直轄市、縣市政府之消費者保護業務。"
"25439","每週提供行政院災害防救會報之災防週報"
"25440","提供消除對婦女一切形式歧視公約之公約內容、任擇議定書、公約施行法"
"25463","105年總統副總統及立法委員選舉區"
"25502","「血球比容(Hct)」數值反映腹膜透析病患血液中「紅血球容積」的多寡，可判斷病患是否貧血。本項指標中「透析人數、檢查人數、受檢率、平均值」是由台灣腎臟醫學會依各醫療院所填報資料提供。"
"25503","「血清白蛋白」數值反映腹膜透析病患的「營養」狀況，透析治療時身體的蛋白質氨基酸會經由透析流失，血中蛋白質減少、免疫機能降低、容易生病及感染，所以要做「血清白蛋白(Albumin)檢查」，視需要補充營養。本項指標中「透析人數、檢查人數、受檢率、平均值、檢測方法」是由台灣腎臟醫學會依各醫療院所填報資料提供。"
"25504","資料來源：保險醫事服務機構醫療服務點數申報資料。分子：同一院所、同一患者、該月看診次數超出8次（含）以上者。；分母：同一院所、該月患者看診人數。；計算公式：(分子／分母)x100%"
"25505","資料來源：保險醫事服務機構醫療服務點數申報資料。分子：以醫事機構、病人代號、就醫日期歸戶，計算就診2次（含）以上之病人數。分母：以醫事機構、病人身分證號、就醫日期歸戶之病人數。"
"25506","全民健保建議以血清白蛋白(Albumin)平均值、血球比容(Hct)平均值、腹膜透析-血紅素(Hemoglobin(Hb))平均值、尿素氮週透析效率(WeeklyKt/V)平均值、脫離率(腎移植率)、B型肝炎表面抗原(HBsAg)轉陽率、C型肝炎抗體轉陽率、腹膜透析腹膜炎發生率、各院所新增透析病人之腹膜透析人數及占率、五十五歲以下透析病人移植登錄率作為病患就醫前評量醫療院所對腹膜透析治療的照護品質參考。尿素氮週透析效率(WeeklyKt/V)平均值、脫離率(腎移植率)、腹膜透析腹膜炎發生率，於"
"25507","全名為「腹膜透析病患尿素氮週透析效率(WeeklyKt/V)」，是指腹膜透析排除廢物的效率，以每週為計算單位，由抽血檢驗洗腎前後血中尿素氮的變化，可計算出Kt/V的值。提供腹膜透析服務的醫療院所，應維持病人每週的尿素氮清除率(Kt/V)在1.7單位以上。本項指標中「透析人數、檢查人數、受檢率、平均效率」是由台灣腎臟醫學會依各醫療院所填報資料提供。"
"25508","資料來源：本資料係由中華民國中醫師公會全國聯合會調查後，提供院所中醫藥品標示情況。院所是否有於藥袋標示或以其他方式提供下列資訊：醫師姓名、病人姓名、性別、藥品名稱、劑量、數量、用法、醫療機構名稱與地點及調劑日期等十項。"
"25509","全名為「血液透析效率病患尿素氮透析效率(Kt/V)」，是指血液透析排除廢物的效率，它強調單次透析效率，由抽血檢驗洗腎前後血中尿素氮的變化，可計算出Kt/V的值。是由台灣腎臟醫學會依各醫療院所填報資料提供。"
"25510","「瘻管」建立是血液透析病人將動脈及靜脈血管吻合的手術，血液透析病人長期需經由瘻管洗腎，在正常使用狀況下約可使用1年至2年，當瘻管無法使用時，即需重新另行建立瘻管，若是重建率太高，表示病人瘻管的毀壞率太高，可能是因為病人本身血管狀況不佳，血管容易堵塞的特殊狀況，或是因為醫療院所對病患瘻管部位之照護較差，必須重新進行「造管」或「植管」。本項指標中「重建人次數、透析人月數、重建率」是由台灣腎臟醫學會依各醫療院所填報資料提供。"
"25511","「血清白蛋白」數值反映血液透析病患的「營養」狀況，透析治療時身體的蛋白質氨基酸會經由透析流失，血中蛋白質減少、免疫機能降低、容易生病及感染，所以要做「血清白蛋白(Albumin)檢查」，視需要補充營養。本項指標中「透析人數、檢查人數、受檢率、平均值、檢測方法」是由台灣腎臟醫學會依各醫療院所填報資料提供。"
"25512","「血球比容(Hct)」數值反映血液透析病患血液中「紅血球容積」的多寡，可判斷病患是否貧血。本項指標中「透析人數、檢查人數、受檢率、平均值」是由台灣腎臟醫學會依各醫療院所填報資料提供。"
"25546","資料提供包括：序號、病害、無燈號註釋、綠燈燈號註釋、藍燈燈號註釋、黃燈燈號註釋、紅燈燈號註釋、備註、新北市、桃園縣、新竹縣、新竹市、苗栗縣、銅鑼鄉、頭份鎮、公館鄉、臺中市、彰化縣、溪州鄉、二水鄉、田中鎮、南投縣、名間鄉、竹山鎮、雲林縣、斗南鎮、莿桐鄉、林內鄉、嘉義縣、鹿草鄉、民雄鄉、大林鄉、嘉義市、臺南市、東山區、後壁區、六甲區、高雄市、美濃區、大寮區、屏東縣、崁頂鄉、萬丹鄉、臺東縣、鹿野鄉、關山鎮、花蓮縣、玉里鄉、富里鄉、宜蘭縣、金門縣、連江縣、澎湖縣、基隆市、臺北市等欄位資訊。"
"25554","提供資料包括：發文文號、原網連結、發布日期、說明等欄位資料。"
"25559","提供資料包括：牛隻追溯號碼、屠宰日期、畜牧場名稱、畜牧場負責人、畜牧場場址、畜牧場登記證號、屠宰場、屠宰場登記證、屠宰場負責人、屠宰場廠址等欄位資料。"
"25561","提供資料包括：headidentifier、上傳日期、setSpec、貢獻者、作者、日期、資源識別代號、語言、關聯、題名、關鍵詞、資料格式、資源類型、網址、摘要等欄位資料。"
"25563","資料來源：中華民國中醫師公會全國聯合會。「小兒氣喘緩解期中醫優質門診照護試辦計畫」中醫特約醫事服務機構名冊；設有中醫門診之醫院且領有「中醫師公會全國聯合會」所辦理講習會之繼續教育證明的中醫師，向「中華民國中醫師公會全國聯合會」提出申請。經審查通過後，與健保署轄區分區洽商辦理本試辦計畫服務。"
"25564","資料來源：中華民國中醫師公會全國聯合會。「小兒腦性麻痺之中醫優質門診照護」試辦計畫參與院所名冊；設有中醫門診之醫院且領有「中醫師公會全國聯合會」所辦理講習會之繼續教育證明的中醫師，向「中華民國中醫師公會全國聯合會」提出申請。經審查通過後，與健保署轄區分區洽商辦理本試辦計畫服務。"
"25579","提供90年度家犬數資料查詢網址。"
"25581","提供92年度家犬、家貓數資料查詢網址。"
"25584","提供93年全國流浪狗狗數及92年公立動物收容所收容數總表資料查詢網址。"
"25585","提供94年度全國家貓數目資料查詢網址。"
"25586","提供94年度全國家犬數目資料查詢網址。"
"25596","提供96年度全國家貓數目資料查詢網址。"
"25599","提供96年度全國家犬數目資料查詢網址。"
"25600","提供98年度全國縣市別之家貓飼養數資料查詢網址。"
"25601","提供98年度全國縣市別之家狗飼養數資料查詢網址。"
"25602","提供98年度台灣地區各縣市流浪狗數調查結果資料查詢網址。"
"25603","提供100年度全國家貓總數資料查詢網址。"
"25604","提供100年度全國家狗總數資料查詢網址。"
"25605","提供100年度全國縣市別寵物種類分布情形資料查詢網址。"
"25606","提供102年度全國家犬貓數量調查結果統計表資料查詢網址。"
"25607","提供97年全國公立動物收容所收容處理情形統計表資料下載網址。"
"25608","提供98年全國公立動物收容所收容處理情形統計表資料下載網址。"
"25609","提供99年全國公立動物收容所收容處理情形統計表資料下載網址。"
"25610","提供100年全國公立動物收容所收容處理情形統計表。"
"25612","提供101年全國公立動物收容所收容處理情形統計表資料下載網址。"
"25613","提供102年全國公立動物收容所收容處理情形統計表資料下載網址。"
"25621","提供103年全國公立動物收容所收容處理情形統計表資料下載網址。"
"25623","提供104年全國公立動物收容所收容處理情形統計表每月資料下載網址。"
"25668","行政院大陸委員會政府資料開放諮詢小組會議紀錄"
"25746","台糖公司近年來為配合政府推動振興經濟政策，並為活化土地、提升資產運用效能，將無開發利用計畫及業務無需使用之土地，以公開招標方式辦理出租或設定地上權為原則，並依市場機制決定土地租金及權利金，以兼顧產業用地之需求，協助推升我國經濟發展。\r\n為符合資訊化時代潮流，提供民眾更便捷的資訊來源，台糖公司已於中文入口網站登載招標相關資訊，內容包含土地坐落、面積及使用分區等資訊，民眾可迅速瀏覽，或依網站上所提供之各經管單位電話洽詢相關事宜。\r\n\r\n"
"25749","台糖公司近年來為配合政府推動振興經濟政策，並為活化土地、提升資產運用效能，將無開發利用計畫及業務無需使用之土地，以公開招標方式辦理出租或設定地上權為原則，並依市場機制決定土地租金及權利金，以兼顧產業用地之需求，協助推升我國經濟發展。\r\n為符合資訊化時代潮流，提供民眾更便捷的資訊來源，台糖公司已於中文入口網站登載招標相關資訊，內容包含土地坐落、面積及使用分區等資訊，民眾可迅速瀏覽，或依網站上所提供之各經管單位電話洽詢相關事宜。\r\n"
"25752","台糖公司因基於永續經營理念，及遵照立法院93年審議結果（不得任意出售土地、賤賣國家資產），避免外界抨擊圖利財團，並兼顧民股股東權益，大面積土地仍以「只租不售」為原則，對於畸零、面積不大等閒置土地，基於避免妨礙地方發展，及一般民眾等用地需求，依市價辦理標售。\r\n為提供民眾更便捷的資訊來源，台糖公司已於中文入口網站登載招標相關資訊，內容包含土地坐落、面積及使用分區等資訊，民眾可迅速瀏覽，或依網站上所提供之各經管單位電話洽詢相關事宜。\r\n\r\n"
"25760","台糖公司曾有42家糖廠遍佈在全省各地，隨著國際糖價低迷及製糖生產成本提高下，目前公司僅存虎尾、善化等二座糖廠仍持續製糖生產，其餘各地糖廠近年來均已陸續停閉生產。目前從製糖工業已逐漸轉型跨足各行業，以致各單位停止使用之大量閒置資產、低度利用宿舍等，造成資源浪費。為落實財產管理制度，掌控現有財物設備之量值與實際營運狀況，以期達到抑減生產成本之目的，各單位業務上不需使用之資產，為有效利用及增進營運收益，仍積極辦理出租業務，以增加營收並活化資產。台糖公司閒置資產之出租，除登報公告外，並於行政院公共工程委員會網站內財物出租類刊登招租資訊，以及在台糖公司之全球資訊網亦有公告招租相關訊息，以供外界參考租用。\r\n\r\n"
"25762","台糖公司曾有42家糖廠遍佈在全省各地，隨著國際糖價低迷及製糖生產成本提高下，目前公司僅存虎尾、善化等二座糖廠仍持續製糖生產，其餘各地糖廠近年來均已陸續停閉生產。目前從製糖工業已逐漸轉型跨足各行業，以致各單位停止使用之大量閒置資產、低度利用宿舍等，造成資源浪費。為落實財產管理制度，掌控現有財物設備之量值與實際營運狀況，以期達到抑減生產成本之目的，各單位業務上不需使用之資產，為有效利用及增進營運收益，仍積極辦理標售業務，以增加營收並活化資產。\r\n爰台糖公司閒置資產設備標售，除登報公告外，並於行政院公共工程委員會網站內財物類刊登標售資訊，以及在台糖公司之全球資訊網亦有公告標售相關訊息，以供外界參考標售。\r\n"
"25768","經濟部水利署發布所屬分布於全台灣中央管河川或區域排水之水位觀測站所觀測之即時水位資料，資料內容包括各水位站當下最新之觀測水位資料、觀測日期及時間、水位站站號等。水位站即時觀測資料為每10分鐘紀錄1筆，因此資料更新頻率最快為每10分鐘1次。由於即時水位資料為即時發布之原始資料，因此資料未經任何檢核及品管程序，且資料可能因訊號傳輸中斷、儀器故障等因素導致部分水位站資料停止更新或回傳異常水位資料，使用者引用及參考時請謹慎注意。"
"25771","本資料集主要包含調查所在的流域、河川、樣點、日期、物種、使用方法以及數量。本資料集係由水利署水利規劃試驗所河川情勢調查資料庫管理系統所提供，彙整統合水利署歷年所完成之河川情勢資料，為河川情勢調查資料統一之管理及查詢網站。期盼作為河川水資源管理，生態環境維護、及對河川區域構造物辦理環境改善規劃需求時之參考資料。本資料及內容關鍵在於物種、位置、時間，讓使用者能進一步分析物種時空分佈。依據河川情勢調查作業要點，調查需滿一年，每季至少一次，調查頻度盡量避免以相鄰月份當作兩季資料。調查時間宜注意各類動物之繁殖期，避免選擇非活躍期間進行調查。"
"25775","本資料集透過每週發行之電子報，提供水利署焦點、專欄、活動、人事、統計、公告、成效、防災、宣導、樂活等水利相關事項。作為收集資料之入口，各項資料成為知識物件，流向河川知識服務網分類、儲存，建立核心知識庫，並利用該平台已建立之功能，整合e河川各項主題網站及水利規劃所臺灣河川復育網之資料，蒐集及探索河川知識元件，建立水利知識家資料庫、發展水利知識檢索工具、主題網站及主題專區。每期電子報內容含括全面性、高交流互動性的水資源知識，透過知識內容傳遞，落實電子化整合、交流互動、環境生態、河川教育、親水享受。配合每周之電子報發行。"
"25795","本資料集主要包含調查所在的流域、河川、樣點、日期、物種、使用方法以及數量。本資料集係由水利署水利規劃試驗所河川情勢調查資料庫管理系統所提供，彙整統合水利署歷年所完成之河川情勢資料，為河川情勢調查資料統一之管理及查詢網站。期盼作為河川水資源管理，生態環境維護、及對河川區域構造物辦理環境改善規劃需求時之參考資料。本資料集內容關鍵在於爬蟲類物種、位置、時間，讓使用者能進一步分析物種時空分佈。依據河川情勢調查作業要點，調查需滿一年，每季至少一次，調查頻度盡量避免以相鄰月份當作兩季資料。調查時間宜注意爬蟲類動物之繁殖期，避免選擇非活躍期間進行調查。"
"25796","本資料集主要包含調查所在的流域、河川、樣點、日期、物種、使用方法以及數量。本資料集係由水利署水利規劃試驗所河川情勢調查資料庫管理系統所提供，彙整統合水利署歷年所完成之河川情勢資料，為河川情勢調查資料統一之管理及查詢網站。期盼作為河川水資源管理，生態環境維護、及對河川區域構造物辦理環境改善規劃需求時之參考資料。本資料集內容關鍵在於藻類物種、位置、時間，讓使用者能進一步分析物種時空分佈。依據河川情勢調查作業要點，調查需滿一年，每季至少一次，調查頻度盡量避免以相鄰月份當作兩季資料。藻類分為浮游性及附著性藻類，河川上游之浮游性藻類較少有紀錄，其調查必要性可視個案斟酌；河川下游之附著性藻類較少有紀錄，其調查必要性可視個案斟酌。"
"25797","本資料集主要包含調查所在的流域、河川、樣點、日期、物種、使用方法以及數量。本資料集係由水利署水利規劃試驗所河川情勢調查資料庫管理系統所提供，彙整統合水利署歷年所完成之河川情勢資料，為河川情勢調查資料統一之管理及查詢網站。期盼作為河川水資源管理，生態環境維護、及對河川區域構造物辦理環境改善規劃需求時之參考資料。本資料集內容關鍵在於蝦蟹貝類物種、位置、時間，讓使用者能進一步分析物種時空分佈。依據河川情勢調查作業要點，調查需滿一年，每季至少一次，調查頻度盡量避免以相鄰月份當作兩季資料。調查時間宜注意蝦蟹貝類動物之繁殖期，避免選擇非活躍期間進行調查。"
"25798","本資料集主要包含調查陸上昆蟲類所在的流域、河川、樣點、日期、物種、使用方法以及數量。本資料集係由水利署水利規劃試驗所河川情勢調查資料庫管理系統所提供，彙整統合水利署歷年所完成之河川情勢資料，為河川情勢調查資料統一之管理及查詢網站。期盼作為河川水資源管理，生態環境維護、及對河川區域構造物辦理環境改善規劃需求時之參考資料。本資料集內容關鍵在於陸上昆蟲類物種、位置、時間，讓使用者能進一步分析物種時空分佈。依據河川情勢調查作業要點，調查需滿一年，每季至少一次，調查頻度盡量避免以相鄰月份當作兩季資料。"
"25799","本資料集主要包含調查魚類所在的流域、河川、樣點、日期、物種、使用方法以及數量。本資料集係由水利署水利規劃試驗所河川情勢調查資料庫管理系統所提供，彙整統合水利署歷年所完成之河川情勢資料，為河川情勢調查資料統一之管理及查詢網站。期盼作為河川水資源管理，生態環境維護、及對河川區域構造物辦理環境改善規劃需求時之參考資料。本資料集內容關鍵在於魚類物種、位置、時間，讓使用者能進一步分析物種時空分佈。依據河川情勢調查作業要點，調查需滿一年，每季至少一次，調查頻度盡量避免以相鄰月份當作兩季資料。調查時間宜把握各魚類之產卵期、洄游期、活動期。"
"25848","提供資料包含：標題、內文、張貼日等欄位資料。"
"25853","國立臺灣美術館主辦之2015亞洲藝術雙年展資料"
"25854","國立臺灣美術館主辦之第十七屆國際版畫雙年展資料"
"25855","國立臺灣工藝研究發展中心扶植之社區資料"
"25873","查詢所有投開票所(一般/原住民)資料"
"25891","桃園市政府入口網站最新的市政新聞"
"25893","桃園市內目前共有11家工廠30根煙道須裝設自動連續監測設施，本筆資料係提供工廠排放之每日監測紀錄(含：工廠名稱、煙囪編號、監測項目及每日監測數據等)，數據更新頻率為次日上午11時。"
"25902","民眾成功反映之桃園市市容案件內容，包括查報日期、查報地點、查報內容等資訊。"
"25905","桃園市政府入口網站最新熱門活動"
"25912","桃園市政府所屬一、二級機關(構)、區公所(含復興區民代表會)通訊資料"
"25940","桃園市交通局轄區內有與市府通訊連線之停車場發布即時剩餘車位數，資料每分鐘更新"
"25983","提供桃園市政府藝文設施管理中心所轄館舍之藝文表演活動明細"
"26017","桃園市各福利補助項目之申請資格查詢資訊，包含設籍時間、身份別、年齡條件、問題別等。"
"26032","桃園市福利補助資訊，提供各項補助資訊，包括政策說明及申請資格等。"
"26038","桃園市政府入口網站最新的徵才資訊"
"26073","業者資料、路線站點資料、公車即時動態"
"26083","桃園市政府入口網站最新消息"
"26102","提供路邊停車收費路段即時使用狀況"
"26173","公辦政見會(總統副總統、區域立委、山地原住民及平地原住民立委)"
"26352","提供本市景點之觀光資訊，內容包含景點名稱、簡述、X座標、Y座標等資料。"
"26361","提供本市住宿之觀光資訊，內容包含合法觀光飯店、商務旅館、汽車旅館、民宿名稱、電話、地址、X座標、Y座標等資料。"
"26366","提供本市消費之觀光資訊，內容包含店家名稱、地址、X座標、Y座標等資料。"
"26367","105年總統副總統及立法委員候選人選舉公報(URL)"
"26420","歲入來源別預算表、歲出機關別預算表、歲入項目說明提要表、歲出計畫提要及分支計畫概況表、各項費用彙計表等"
"30067","提供行政院農業委員會公務預算補（捐）助資料檔案下載網址"
"30092","職業災害失能勞工罹災前後之工作與就業狀況，及其需要政府協助項目"
"30248","青年創業圓夢網活動看板集結政府及民間單位創新創業相關課程活動資訊，舉凡講座、論壇、記者會、活動等具有協助或鼓勵創業之正面意義的內容類型。"
"30255","臺中港船舶減速統計表-港區空氣污染減排推動港區船舶進出港減速計畫-資訊揭露"
"30278","提供行政院農業委員會附屬單位預算補(捐)助資料檔案下載網址"
"30309","彙整各式APP應用服務程式包含公共行政區戶民政地政資訊交通運輸環境保護觀光休閒消防救災等類別的APP服務讓民眾可更快速即時獲得最新資訊"
"30342","新北市法令解釋及諮詢成果半年報"
"30717","105年度行政院農業委員會農業金融局會計報告"
"30718","104年度行政院農業委員會農業金融局單位決算"
"30768","105年度行政院農業委員會特有生物研究保育中心單位預算資料"
"30769","104年度行政院農業委員會特有生物研究保育中心單位決算"
"30772","105年度行政院農業委員會特有生物研究保育中心會計報告"
"30774","預算別、機關名稱、補助對象、直轄市或縣市別、計畫名稱、核定日期、核定金額。"
"30778","全國土壤及地下水污染場址之改善進度更新情形統計報表"
"30779","在指定時間內所累積的全國土壤及地下水污染場址及其面積之統計報表"
"30780","在指定時間內所累積的全國土壤及地下水污染場址及其面積之統計報表"
"30781","全國土壤及地下水污染場址之改善進度更新情形統計報表"
"30782","全國各年度例行性補助計畫在系統之計畫成果中，由環保局填寫的實際執行計畫經費/概述情形統計表"
"30783","全國各年度例行性補助計畫在系統之計畫成果中，由環保局填寫的實際執行計畫之各類型場址採樣資料統計（包含場址數、採樣數、面積、監測井數量）"
"30785","公告應回收項目之責任業者申報營業量或進口量歷年統計數據(年度、公告項目、總量)"
"30787","全國土壤及地下水污染場址之改善進度更新情形統計報表"
"30788","提供國內司法案件資料，包含案件名稱、發生縣市、公害類型、發生日期、判決等資訊"
"30789","提供國外司法案件資料，包含案件名稱、發生國家、日期等資訊"
"30790","場址列管紀錄相關公文"
"30791","場址勘查紀錄表單"
"30792","提供第一類環境保護產品之環保標章廠商獲頒產品數統計"
"30793","提供第二類環境保護產品之環保標章廠商獲頒產品數統計"
"30794","建檔公廁資料"
"30795","全國土壤及地下水污染場址之改善進度更新情形統計報表"
"30797","毒化物運作紀錄申報總量(單位公噸)"
"30802","環保標章產品審查通過及有效數資料(第一類環境保護產品)"
"30807","提供受補貼機構之稽核認證行程時間資料"
"30808","計畫成果相關資訊"
"30809","提供各縣市、年度例行性補助計畫之各類型場址調查作業統計資料，包括場址數量、面積、檢測數量及計畫相關監測井數"
"30811","環保機關每季飲用水設備維護管理稽查成果資料"
"30812","提供各縣市、年度例行性補助計畫之各類型場址驗證作業統計資料，包括場址數量、面積、檢測數量及計畫相關監測井數"
"30813","提供每月底勞工保險基金國內投資股票類別"
"30814","提供每月底勞工退休基金國內投資股票類別"
"30815","提供每月底國內主要金融指標"
"30816","提供每月底國民年金保險基金國內投資股票類別"
"30817","提供每月底積欠工資墊償基金國內投資股票類別"
"30820","全國各年度例行性補助計畫在系統之計畫成果中，由環保局填寫的實際執行計畫經費/概述情形統計表"
"30821","全國各年度例行性補助計畫在系統之計畫成果中，由環保局填寫的實際執行計畫之各類型場址採樣資料統計（包含場址數、採樣數、面積、監測井數量）"
"30822","全國土壤及地下水污染場址之改善進度更新情形統計報表"
"30841","事業面外籍勞工薪資、工時及放假狀況，外籍家庭看護工平均薪資及工作時間訂定情形"
"30857","主要提供車輛偵測器佈設位置坐標XML標準，包含所屬單位、路段起迄點ID、行車方向、偵側車道數及架設設備坐標，旨在標示車輛偵測器位置。\r\n※另提供車輛偵測器動態資訊，可搭配使用※\r\n(http://data.ntpc.gov.tw/od/detail?oid=875D5555-A881-4561-8E9D-93B96C959384)"
"30858","提供VD狀態及偵測值的標準格式，每5分鐘提供各車道不同車種的速率、流量及佔有率，並標示VD運作狀況。※另提供車輛偵測器靜態資訊，可提供一起使用※(http://data.ntpc.gov.tw/od/detail?oid=7A9B2986-65FB-43EC-B8FF-97CF08E85C88)"
"30872","上櫃公司治理指數當日收盤指數(櫃買中心)"
"30873","興櫃推薦證券商與推薦之股票(櫃買中心)"
"30874","開放式基金受益憑證造市商與造市之基金(櫃買中心)"
"30929","促進青年就業方案執行成效"
"30930","就業促進津貼編列預算統計表"
"30931","就業促進津貼協助就業人數統計表"
"30932","通俗職業名稱內容說明"
"35005","本資料集內含彰化縣轄內甲級清除機構資訊"
"35006","本資料集內含彰化縣轄內乙級清除機構資訊"
"35007","本資料集內含彰化縣轄內丙級清除機構資訊"
"35008","本資料集內含彰化縣甲級處理機構資訊"
"35009","本資料集內含彰化縣轄內廢棄物乙級處理機構資訊"
"35010","本資料集內含彰化縣轄內清潔隊基本資料"
"35011","本資料集內含彰化縣轄內廢潤滑油回收點資訊"
"35016","依事業機構申報事業廢棄物之各流向聯單(再利用、自行處理、委託共同及越境)申報量及廢棄物貯存量等資訊。"
"35017","全國事業機構(以縣市區分)申報廢食用油之申報量。"
"35018","本資料集內含彰化縣轄內海岸線管理權責資訊"
"35020","本資料集內含彰化縣轄內廢食用油清除機構管理資訊"
"35021","本資料集內含彰化縣轄經濟部輔導設立之清除處理設施資訊"
"35022","本資料集內含彰化縣轄共同清除處理機構資訊"
"35046","提公桃園市大宗電動二輪車專用停車場(位)查詢。"
"35048","嘉義市機車排氣檢驗站地點"
"35051","固定污染源-煙道基本參數檔"
"35052","土砂觀測站影像資料"
"35055","經確認後之全國土石流災情資料"
"35056","五十萬分之一臺灣地質圖數值檔-臺灣地體構造圖-斷層(a001b1l)"
"35057","五十萬分之一臺灣地質圖數值檔-臺灣地體構造圖-褶皺(a001c1l)"
"35058","五十萬分之一臺灣地質圖數值檔-臺灣地體構造圖-不連續面分布(a001d2l)"
"35059","五十萬分之一臺灣地質圖數值檔-臺灣地體構造圖-地體構造單元界線(a001t1pll)"
"35060","五十萬分之一臺灣地質圖數值檔-臺灣地體構造圖-地體構造單元"
"35061","五十萬分之一臺灣地質圖數值檔-臺灣地體構造圖-休止火山(a001xn)"
"35062","五十萬分之一臺灣地質圖數值檔-臺灣地體構造圖-地名(a001z9n)"
"35064","民國71至75年，環保署針對全國116萬餘公頃農田的土壤，以1,600公頃為單位網格，進行大樣區土壤的概況調查，並依調查結果參考專家學者共同訂定的「臺灣地區土壤重金屬含量及等級區分表」作為分級標準，調查結果重金屬含量偏高，即分級標準達四級或五級以上地區約30萬餘公頃，本次調查為臺灣地區土壤重金屬污染情況提供一個概略的描繪。土壤重金屬檢測分析方法，鎘、鉻、銅、鎳、鉛、鋅為0.1MHCl萃取法；砷、汞為王水全量消化法。"
"35065","民國76至79年，環保署為更精確瞭解土壤污染範圍，針對大樣區土壤調查結果，重金屬含量達分級標準四級或五級以上地區之30萬餘公頃，辦理中樣區土壤調查，採樣以每100公頃單位網格為原則，重金屬含量較高者以25公頃為單位網格，進行較細密的中樣區調查。調查結果根據分級標準，列為第四級的地區約有5萬公頃，第五級地區約有790公頃。以本次調查結果而言，約有5萬公頃的耕地土壤歸類為疑似污染的重點地區。土壤重金屬檢測分析方法，鎘、鉻、銅、鎳、鉛、鋅為0.1MHCl萃取法；砷、汞為王水全量消化法。"
"35066","為更精確瞭解土壤污染範圍，環保署於民國76至79年，針對大樣區土壤調查結果，重金屬含量達分級標準四級或五級以上地區之30萬餘公頃，辦理中樣區土壤調查，採樣以每100公頃單位網格為原則，重金屬含量較高者以25公頃為單位網格，進行較細密的中樣區調查。調查結果根據暫定標準分級結果，列為第四級的地區約有5萬公頃，第五級地區約有790公頃。以本次調查結果而言，約有5萬公頃的耕地土壤歸類為疑似污染的重點地區。土壤重金屬檢測分析方法，鎘、鉻、銅、鎳、鉛、鋅為0.1MHCl萃取法；砷、汞為王水全量消化法。"
"35067","民國81至88年，環保署為更進一步掌握土壤污染情形，與各縣市環保局合作辦理土壤調查，調查對象為中樣區（25公頃）調查歸類為疑似污染的重點地區，針對中樣區調查結果之重金屬含量偏高地區或認定有污染地區，分由北、中、南3區，再以1公頃網格為採樣單位辦理更細密的小樣區調查。調查結果重金屬含量列為第五級的累積面積計為950餘公頃，造成污染的主因為灌溉水遭廢污水污染，其中以彰化縣、桃園市（原桃園縣）、新北市（原臺北縣）受污染面積較多。土壤重金屬檢測分析方法，鎘、鉻、銅、鎳、鉛、鋅為0.1MHCl萃取法；砷、汞為王水全量消化法。"
"35068","有污染之虞農地約319公頃（扣除僅受重金屬銅、鋅污染部分），分為北部（83公頃）、中部（200公頃）、南部（36公頃）三區，環保署於民國91年發動「農地土壤重金屬調查與場址列管計畫」，將農地分成100公頃、108公頃及111公頃等三區辦理調查，由於地號多為跨網格，故實際採樣面積約為619公頃，較原預定調查面積319公頃多。自民國90年土壤及地下水污染整治法實施後，檢測重金屬含量方式為王水全量消化法，分析結果達土壤污染管制標準農地約282公頃；而達土壤污染監測標準且未達土壤污染管制標準的農地約138公頃。"
"35069","民國99年起環保署委辦「全國重金屬高污染潛勢農地之管制及調查計畫」，透過歷史土壤調查資料結合農業操作習慣，建立一套綜合指標評價系統，成為全國農地重金屬高污染潛勢篩選機制，再經土壤調查驗證可行性，另建置「農地重金屬污染潛勢評量與預警管制系統」。"
"35070","民國101年環保署委辦「全國重金屬高污染潛勢農地之管制及調查計畫(第2期)」，劃定應優先關注區域及開發決策支援系統之前期工具，奠定後續「重金屬農地污染管制策略」之基石，另配合推動重金屬高污染潛勢農地土壤調查作業，辦理桃園農田水利會大園工作站4-10號池、4-11號池、4-12&4-13號池及大竹工作站2-4-1等4個灌溉小組環境介質調查、農地土壤鉻（總鉻及六價鉻）調查、彰化縣和美鎮鐵山及嘉犁支線小組土壤調查，另經回饋修訂篩選機制及調查作業模式，並結合現場調查實務經驗及農地污染防治需求，建立一致性之調查方式及標準化作業流程。"
"35071","民國101年環保署委辦「桃園地區污染農地調查計畫」，本計畫針對署內另案計畫調查結果之高污染潛勢地區進行全方位擴大調查，範圍包含桃園中壢工業區下游地區新庄、3-8&3-9、3-6、4-8、4-9等5個灌溉小組，以此五大灌溉小組為界進行小尺度之農地坵塊調查，探討樣區內六大水系、灌溉溝渠、埤塘、底泥、工廠及農地彼此間之相關性，瞭解污染來源、污染途徑及最終受體之因果關係，釐清污染源之成因，並確保農糧品質及民眾飲食安全。"
"35072","民國100年環保署委辦「中部地區污染農地調查計畫」，本計畫依據歷年調查紀錄及農試所進行250公尺網格土壤調查作業結果，篩選高污染潛勢區域包含臺中市大里區大突寮段、中興段、大元段、詹厝園段、霧峰區吳厝段等五地段進行小尺度調查作業，瞭解附近農地遭重金屬污染的情形，確保民眾食用作物之安全並顧及農民的權利，並推估高污染區可能的污染來源及成因，將可疑污染源清單提交至環保局相關單位，以利後續環保局加強對可疑污染源之稽查作業。"
"35073","民國98年環保署委辦「營運中含鉛製程事業之土壤污染潛勢調查計畫」，本計畫依據96年5月底至7月底間，臺中環境保護局於烏日區（原烏日鄉）同安厝段區域進行4次的土壤採樣作業，依結果公告3筆地號為土壤污染控制場址。農糧署亦於96年11月於該3筆地號採集27組土壤樣品進行重金屬含量檢測，結果發現3組糙米樣品之鉛及鎘濃度均高於「食米重金屬限量標」。為掌握全國高鉛污染潛勢工廠，避免再次發生臺中烏日區同安厝段污染事件，透過本計畫建立臺灣地區鉛之命運期物質流資料庫，篩選十大具較高污染潛勢之含鉛製程，瞭解含鉛製程事業對環境及農作物所造成之影響，釐清污染影響之傳輸途徑，並透過鉛穩定同位素比例分析技術追蹤農地鉛污染之可能來源，另擬訂重金屬及無機陰離子污染之調查整治及驗證等技術手冊，以供作未來管理含鉛製程事業所造成污染之參考指引。"
"35074","全國應定期檢測申報水體底泥品質之單位與水體"
"35075","全國應定期檢測申報水體底泥品質之水體數量"
"35077","沿岸潮位站即時潮位監測資料(未品管)"
"35085","土砂觀測站水位資料"
"35086","土砂觀測站流速資料"
"35087","水庫堰壩基本資料"
"35088","於臺灣周邊海域62測站按季採集水樣，葉綠素甲(Chl-a)分別使用10μm篩絹及0.7μm濾膜，逐級過濾浮游植物後遮光冷凍(-20℃)保存攜回實驗室，將濾後濾膜經90%丙酮低溫萃取14-24小時後，以螢光光度計測定酸化前後的螢光值，計算出海域中葉綠素甲含量。"
"35089","全台灣溫泉點位分布資料"
"35092","台灣本島地下水污染管制區之地理位置.\r\n本空間資訊為工廠、農地、加油站等位址，經調查確認其地下水遭受污染，並經公告其場址管制範圍。"
"35094","全國土壤及地下水污染場址及其面積之累積統計報表"
"35096","沼液沼渣農地肥分使用計畫申請書範例"
"35102","工業區土壤及地下水品質歷年燈號及變換情形說明"
"35104","104年衛星航拍資料"
"35105","系統將回應最新監測數據之XML(最新一小時)"
"35106","系統將回應最新監測數據之XML(最新一小時)"
"35107","系統將回應最新監測數據之XML(最新一小時)"
"35108","系統將回應最新監測數據之XML(最新一小時)"
"35109","系統將回應最新監測數據之XML(最新一小時)"
"35110","系統將回應最新監測數據之XML(最新一小時)"
"35111","系統將回應最新監測數據之XML(最新一小時)"
"35112","統將回應最新監測數據之XML(最新一小時)"
"35113","系統將回應最新監測數據之XML(最新一小時)"
"35114","系統將回應最新監測數據之XML(最新一小時)"
"35115","系統將回應最新監測數據之XML(最新一小時)"
"35116","系統將回應最新監測數據之XML(最新一小時)"
"35117","系統將回應最新監測數據之XML(最新一小時)"
"35118","系統將回應最新監測數據之XML(最新一小時)"
"35119","系統將回應最新監測數據之XML(最新一小時)"
"35120","系統將回應最新監測數據之XML(最新一小時)"
"35121","系統將回應最新監測數據之XML(最新一小時)"
"35122","系統將回應最新監測數據之XML(最新一小時)"
"35123","系統將回應最新監測數據之XML(最新一小時)"
"35124","系統將回應最新監測數據之XML(最新一小時)"
"35125","系統將回應最新監測數據之XML(最新一小時)"
"35126","提供宜蘭縣海域水質監測標準值"
"35127","提供宜蘭縣自辦海域水質監測結果"
"35128","提供宜蘭縣港口水質監測標準值"
"35129","提供宜蘭縣自辦港口水質監測結果"
"35131","空氣品質監測小時值(一般污染物，每日更新)"
"35132","提供宜蘭縣人工空氣品質監測站總懸浮微粒(TSP)監測資料"
"35133","提供宜蘭縣人工空氣品質監測站落塵量監測資料"
"35134","提供宜蘭縣機車排氣定檢站資料"
"35135","提供宜蘭縣電動機車充電站資料"
"35136","提供宜蘭縣加油站資料"
"35137","提供宜蘭縣已補助新購電動二輪車申請案查詢"
"35138","省產闊葉原木市價調查比較"
"35139","省產木材製品市價調查比較"
"35140","省產木材副產品市價調查比較"
"35141","進口針葉原木市價調查比較"
"35142","進口闊葉原木市價調查比較"
"35143","進口木材製品市價調查比較"
"35144","省產針葉原木市價波動價差"
"35145","省產闊葉原木市價波動價差"
"35146","省產木材製品市價波動價差"
"35147","省產木材副產品市價波動價差"
"35148","進口針葉原木市價波動價差"
"35149","進口闊葉原木市價波動價差"
"35150","台灣地區木材市價歷年各月份摘要表"
"35151","木材市價月分別報告表"
"35152","歷年各月份木材市價單一樹種報表"
"35153","全國林火預警資料"
"35155","環保署環境影響評估審查委員會會議紀錄"
"35156","全國申報單位（不含學生和國防單位）有效護照開通率"
"35157","環境教育終身學習網註冊及護照開通人數資料"
"35158","不同屬性單位完成辦理之環境教育次數合計"
"35159","各類環保專責（技術）人員訓練簡章"
"35160","1.土壤污染評估調查人員訓練合格證書申請表\r\n2.空氣污染物及噪音檢查人員合格證書申請表\r\n3.空氣污染防制專責人員訓練合格證書申請表\r\n4.室內空氣品質維護管理專責人員訓練合格證書申請表\r\n5.毒性化學物質專業技術管理人員訓練合格證書申請表\r\n6.廢水處理專責人員訓練合格證書申請表\r\n7.廢棄物清理專業技術人員訓練合格證書申請表\r\n8.環境用藥專業技術人員訓練合格證書申請表"
"35161","不同屬性單位辦理的環境教育辦參與人數合計(要有核過時數的)"
"35162","不同屬性單位辦理環境教育人*時合計(要有核過時數的)"
"35163","環境教育終身學習網內所有的有效護照人數"
"35164","環境教育終身學習網所有的註冊人數(含未開通)"
"35165","本署辦理「環境科技論壇」之論文集資料"
"35166","提供宜蘭縣環保局環保大事記資料"
"35167","提供宜蘭縣環保相關法規"
"35168","提供宜蘭縣環保局招標公告資訊"
"35169","提供宜蘭縣環保局各項計畫執行成果連結"
"35170","提供宜蘭縣公廁基本資料"
"35171","提供宜蘭縣自備環保杯享優惠業者名單"
"35172","提供宜蘭縣飲料販賣業提報減量計畫之優惠方案內容"
"35173","提供宜蘭縣環保局新聞稿及連結"
"35174","提供宜蘭縣噪音監測站名冊資料"
"35175","提供宜蘭縣環保局公務統計報表下載及連結網址"
"35176","提供宜蘭縣有申請廢食用油工作證之合格清除機構"
"35177","提供宜蘭縣廢棄車輛拖吊資料"
"35178","提供宜蘭縣公民營清除處理機構名冊"
"35179","提供宜蘭縣4大水泥廠廢棄物再利用資料"
"35180","提供宜蘭縣再生家具販售目錄"
"35181","提供宜蘭縣社區資源回收站名冊資料"
"35182","提供宜蘭縣已核發應回收廢棄物回收處裡業登記名冊"
"35183","提供宜蘭縣資源回收物分類指引明細表"
"35184","宜蘭縣各鄉鎮市清潔隊廚餘回收分類表"
"35185","宜蘭垃圾車APP程式所建立的宜蘭縣各鄉鎮市垃圾清運點資料"
"35186","提供宜蘭縣綠色商店名冊資料"
"35187","提供宜蘭縣環保旅店名冊"
"35188","提供宜蘭縣交通音量每季監測資料"
"35189","提供宜蘭縣垃圾掩埋場現況表"
"35190","提供宜蘭縣垃圾衛生掩埋場進場量資料"
"35191","提供宜蘭縣水肥清運業者經許可投入水肥處理站名冊"
"35192","提供宜蘭縣環保局各項業務之申辦表單下載資訊及連結網址"
"35200","為最新全台岩屑崩滑潛勢分析圖數值檔。"
"35201","活動斷層位置調查資料之控制點坐標集合。"
"35202","為最新全台順向坡地質圖數值檔。"
"35203","為最新全台落石分布圖數值檔。"
"35204","為最新全台地質鑽探點位資料數值檔。"
"35205","全國各鄉鎮土石流潛勢溪流警戒資料"
"35206","提供宜蘭縣自來水水質監測與指標資料"
"35207","提供宜蘭縣地下水監測井基本資料"
"35208","提供宜蘭縣垃圾衛生掩埋場地下水監測值及基準值"
"35209","提供宜蘭縣垃圾衛生掩埋場地下水監測井位置資料"
"35210","提供宜蘭縣垃圾衛生掩埋場歷年地下水監測結果"
"35247","提供宜蘭縣一般地區環境音量每季監測資料"
"35258","歲入來源別預算表、歲出機關別預算表、歲入項目說明提要表、歲出計畫提要及分支計畫概況表、各項費用彙計表、歲出一級用途別科目分析表、資本支出分析表、人事費分析表、預算員額明細表、公務車輛明細表、現有辦公房舍明細表、轉帳收支對照表、捐助經費分析表、派員出國計畫預算總表、派員出國計畫預算類別表－開會、談判、派員赴大陸計畫預算類別表、歲出按職能及經濟性綜合分類表。"
"35285","機關於文化部典藏網之目錄資訊"
"35286","機關於文化部典藏網之目錄資訊"
"35288","機關於文化部典藏網之目錄資訊\n"
"35289","機關於文化部典藏網之目錄資訊\n"
"35290","機關於文化部典藏網之目錄資訊\n"
"35291","機關於文化部典藏網之目錄資訊"
"35292","機關於文化部典藏網之目錄資訊\n"
"35293","機關於文化部典藏網之目錄資訊\n"
"35294","機關於文化部典藏網之目錄資訊\n"
"35295","機關於文化部典藏網之目錄資訊\n"
"35298","機關於文化部典藏網之目錄資訊\n"
"35299","機關於文化部典藏網之目錄資訊\n"
"35300","機關於文化部典藏網之目錄資訊\n"
"35303","機關於文化部典藏網之目錄資訊\n"
"35313","106年度行政院農業委員會特有生物研究保育中心單位預算資料"
"35317","茶業改良場單位預算"
"35324","臺鐵歷年員工性別結構統計"
"35325","行李包裹損害賠償額"
"35329","工作站\t監視點編號\t監視點名稱\t採樣日期\t採樣狀況\t氣候狀況\t水溫(℃)\tpH值(-)\t電導度(μS/cm25℃)\t溶氧(mg/L"
"35330","工作站\t監視點編號\t監視點名稱\t採樣日期\t採樣狀況\t氣候狀況\t水溫(℃)\tpH值(-)"
"35332","工作站監視點編號監視點名稱採樣日期檢驗日期水溫(℃)pHEC(μS/cm)SS(mg/L)Cl-(mg/L)SO42-(mg/L)NH4N"
"35333","工作站監視點名稱採樣日期水質"
"35339","106年度行政院農業委員會高雄區農業改良場單位預算"
"35341","歲入來源別預算表、歲出機關別預算表、歲入項目說明提要表、歲出計畫提要及分支計畫概況表、各項費用彙計表、歲出一級用途別科目分析表、資本支出分析表、人事費分析表、預算員額明細表、公務車輛明細表、現有辦公房舍明細表、收支併列案款對照表、補助經費分析表、捐助經費分析表、派員出國計畫預算總表、派員出國計畫預算類別表－考察、視察、訪問、派員出國計畫預算類別表－開會、談判、派員出國計畫預算類別表－進修、研究、實習、派員赴大陸計畫預算類別表、歲出按職能及經濟性綜合分類表、跨年期計畫概況表、委辦經費分析表"
"35348","臺中市政府全球資訊中文網市政新聞"
"35349","臺中市政府全球資訊中文網機關訊息"
"35350","臺中市政府全球資訊中文網活動訊息"
"35354","歲入來源別預算表、歲出機關別預算表、歲入項目說明提要表、歲出計畫提要及分支計畫概況表、各項費用彙計表、歲出一級用途別科目分析表、資本支出分析表、人事費分析表、預算員額明細表、公務車輛明細表、現有辦公房舍明細表、轉帳收支對照表、捐助經費分析表、派員出國計畫預算總表、派員出國計畫預算類別表－開會、談判、派員出國計畫預算類別表－進修、研究、實習、歲出按職能及經濟性綜合分類表、跨年期計畫概況表、委辦經費分析表"
"35355","歲入來源別預算表、歲出機關別預算表、歲入項目說明提要表、歲出計畫提要及分支計畫概況表、各項費用彙計表、歲出一級用途別科目分析表、資本支出分析表、人事費分析表、預算員額明細表、公務車輛明細表、現有辦公房舍明細表、收支併列案款對照表、捐助經費分析表、派員出國計畫預算總表、派員出國計畫預算類別表－考察、視察、訪問、派員出國計畫預算類別表－開會、談判、派員出國計畫預算類別表－進修、研究、實習、歲出按職能及經濟性綜合分類表"
"35360","機關於文化部典藏網之目錄資訊\n"
"35373","提供使用者查詢毒性化學物質運送車輛即時監控系統之車機型號每月妥善率，資料內容包含：年份、月份、車機廠牌批次、妥善率等級"
"35374","提供環保機關已核發之乾電池汞、鎘含量確認文件資料(電池資料、有效期限、汞鎘含量、電池外觀照片)，以供查詢電池是否已合法申請確認文件。"
"35376","提供衛服部再利用試驗計畫、個案再利用、通案及再利用機構登記檢核資料，包括機構基本資料、再利用廢棄物種類、再利用量及有效期限。"
"35377","彙整各工業區各年度申報狀態報表，資料包括檢測內容及其各單位審核內容等資訊"
"35378","應回收廢棄物稽核認證行程之資料(稽核日期、時間、項目、地點、業者名稱、稽核團體、稽核方式等)"
"35381","勞務採購契約書範本,財務採購契約書範本,資訊服務採購契約範本,公共工程技術服務契約書範本,公共工程專案管理契約書範本"
"35480","工作站\t監視點編號\t監視點名稱\t採樣日期\t檢驗日期\t水溫(℃)\tpH\tEC(μS/cm)\tSS(mg/L)"
"35481","工作站\t監視點編號\t監視點名稱\t採樣日期\t檢驗日期\t水溫(℃)\tpH\tEC(μS/cm)\tSS(mg/L)\tCl-(mg/L)"
"35482","工作站\t監視點編號\t監視點名稱\t採樣日期\t檢驗日期\t水溫(℃)\tpH\tEC(μS/cm)\tSS(mg/L)\tCl-(mg/L)"
"35483","工作站\t監視點編號\t監視點名稱\t採樣日期\t採樣狀況\t氣候狀況\t檢測項目\t水質結果判定(合格/不合格)水溫(℃)\tpH值(-)\t電導度(μS/cm25℃)\t溶氧(mg/L)"
"35484","工作站\t監視點編號\t監視點名稱\t採樣日期\t檢驗日期\t項目\t水溫\tpH值\t電導度(EC)\t溶氧(DO)\t懸浮固體(SS)\t氯化物(CL-)\t硫酸鹽(SO42-)\t總氮量(T-N)"
"35485","工作站\t監視點編號\t監視點名稱\t採樣日期\t檢驗日期\t項目\t水溫\tpH值\t電導度(EC)\t溶氧(DO)\t懸浮固體(SS)\t氯化物(CL-)\t硫酸鹽(SO42-)\t總氮量(T-N)"
"35496","106年度行政院農業委員會林務局單位預算"
"35504","文化部收錄之街頭藝人展演空間資訊"
"35505","提供文化部整合本部及所屬各級機關(構)以及其他公、民營單位之新住民主題區未過期藝文活動資訊"
"35507","文化部收錄各縣市街頭藝人之資訊"
"35526","本資料集為文化部影視及流行音樂產業局之影視局國片暨紀錄片影像教育扎根計畫網站之最新消息資訊"
"35527","本資料集為文化部影視及流行音樂產業局之影視局國片暨紀錄片影像教育扎根計畫網站之課程資訊"
"35550","歲入來源別預算表、歲出機關別預算表、歲入項目說明提要表、歲出計畫提要及分支計畫概況表、各項費用彙計表等"
"35551","歲入類、經費類平衡表：資力及資產科目及金額、負擔及負債科目及金額；歲入類、經費類現金出納表：項目及摘要、總計；歲入類累計表：科目、原預算數、預算追加(減)數、全年度預算數、截至本月止分配預算數、收入憑證字號、本月實收數、截至本月止累計實收數、應收數、保留數、未收入之分配數、本月納庫數、累計納庫數截至本月止；經費累計表：科目、原預算數、預算追加(減)數、第一預備金、第二預備金、經費流用數、全年度預算數、截至本月止分配預算數、原始憑證字號、本月實現數、截至本月止累計實現數、應付數、保留數、分配數餘額、備註"
"35552","決議、附帶決議及注意事項、辦理情形"
"35553","歲入來源別預算表、歲出機關別預算表：本年度預算數、上年度預算數、前年度決算數、本年度與上年度比較、說明等。歲入項目說明提要表、歲出計畫提要及分支各項費用彙計表、歲出一級用途別科目分析表、資本支出分析表、人事費分析表、預算員額明細表、公務車輛明細表、現有辦公房舍明細表、補助經費分析表、捐助經費分析表、派員出國計畫預算總表、派員出國計畫預算類別表-考察、視察、訪問、開會、談判、派員赴大陸計畫預算類別表、歲出按職能及經濟性綜合分類表、跨年期計畫概況表、委辦經費分析表：名稱、金額。等"
"35555","臺灣鄰近及遠洋漁業海面天氣預報資料"
"35556","預算別、機關名稱、補助對象、直轄市或縣市別、計畫名稱、核定日期、核定金額、備註(工作計畫)"
"35557","提供宜蘭縣人工空氣品質監測站基本資料"
"35567","公文線上簽核比率"
"35568","公文歸檔案件統計"
"35570","提供資料包含：步道編號、步道名稱、步道分級、步道系統、子步道系統、管理單位、步道入口等欄位資訊。本資料集所提供之森林步道資訊僅供參考，步道服務現況請依原始資料來源網站為準。"
"35571","提供林務局所轄18個國家森林遊樂區之園區基本資料，資料來源為「台灣山林悠遊網」之即時資訊(http://recreation.forest.gov.tw)。"
"35572","水利署政府出版品書目"
"35573","雲林縣綠色商店清單"
"35585","全國各地土石流警報資料，此資料項於防汛期間為6小時更新一次，不定期3小時補充加報，若發布內容為空白資料時，即代表警報解除，且此資料為土石流潛勢溪流之資料內容統計彙整，若警報解除時，土石流潛勢溪流之資料內容即無顯著義意，亦不再更新"
"35590","水利事業歷史用地取得作業執行情形"
"35591","自來水生活用水量統計"
"35592","每年提供臺灣地區水資源投資額與資本形成、生產毛額等經濟性數據相除計算之結果，並可得到該年度平均每人水資源投資額之數據供參考"
"35593","自來水水質水量保護區公告資料，包括公告日期、公告面積以及涵蓋範圍資訊。"
"35594","本資料集主要提供全台灣水利署所掌管之最新各中央管河川疏濬資訊，包括疏濬規劃量與目前執行量等相關資訊。"
"35597","經確認後之全國土石流災情資料"
"35637","歲入來源別決算表：科目、名稱及編號、原預算數、預算增減數、預算數合計、決算實現數、應收數、保留數、決算數合計;歲出政事別、機關別決算表：科目、名稱及編號、原預算數、預算追加(減)數、動支第一預備金數、動支第二預備金數、經費流用數、預算調整數、預算調整數小計、實現數、應付數、保留數、決算數合計;以前年度歲出政事別、機關別轉入數決算表：科目、名稱及編號、以前年度轉入數、本年度減免（註銷）數、本年度實現數、本年度調整數、本年度未結清數;歲入類、經費類平衡表：資產科目及編號及金額、負債科目及編號及金額"
"35643","提供資料包括：會別、年別、灌溉用水量、期作等欄位資料。"
"35644","提供資料包括：會別、年別、灌溉用水量、期作等欄位資料。"
"35646","提供資料包括：會別、年別、灌溉滿足度、期作等欄位資料。"
"35651","新竹市政府市政新聞資料"
"35652","提供民眾了解市政推動的過程"
"35653","新竹市政府網路申辦項目相關資料，含受理網路申辦項目之機關(單位)、申辦項目"
"35654","新竹市政府1999服務專線每月來電總數"
"35655","iHsinchu熱點流量統計一覽表"
"35656","新竹市政府1999服務專線熱門問答點閱數排名"
"35657","本府各單位規費提供市民卡(含悠遊卡)小額電子支付付費使用統計數據"
"35658","提供本市iHsinchu免費無線上網熱點地點資訊,方便大家利用."
"35659","新竹市各電影院基本資料"
"35660","新竹市轄內有線廣播電視系統經營者資料"
"35661","營業基金及非營業特種基金盈虧（餘絀）"
"35662","歲出預算-按政事別"
"35663","歲入決算-按來源別"
"35664","歲出決算-按政事別"
"35665","歲入預算-按來源別"
"35666","行政院主計總處-家庭收支調查報告"
"35667","新竹市政府104年度對民間團體補(捐)助經費明細表"
"35668","新竹市政府104年度對議員所提地方建設建議事項處理明細表"
"35669","新竹市政府對議員所提地方建設建議事項處理明細表"
"35670","新竹市政府105年至6月底對民間團體補(捐)助經費明細表"
"35671","新竹市公立納骨堂清冊可供查詢資料欄位有殯葬設施名稱連絡電話傳真地址"
"35672","新竹市私立納骨堂清冊可供查詢資料欄位有殯葬設施名稱連絡電話傳真地址"
"35673","新竹市政府許可備查合法殯葬業者名冊可供查詢資料欄位有殯葬業者名稱負責人統一編號許可狀態營業住址電話鄉鎮市區別"
"35674","屆別、姓名、職稱、性別、區別、里別、通訊地址、市內電話、行動電話"
"35675","臺閩地區役政單位連絡、傳真電話一覽表"
"35676","新兵入營訓練中心"
"35677","序號、里集會所名稱、管理單位、聯絡人、聯絡電話、集會所地址、緯度、經度、圖片URL"
"35678","提供新竹市各區里鄰數、戶數、性別、人口數、遷出入人數、出生人數、死亡人數、結離婚對數及原住民人數"
"35679","新竹市寺廟名冊可供查詢資料欄位有寺廟名稱主祀神像教別組織型態寺廟所在地寺廟電話"
"35680","編號新竹市教會堂名冊可供查詢資料欄位有教會堂名稱董事長主事務所地址電話設立許可日期"
"35681","新竹市觀光工廠相關資訊"
"35682","新竹市創意風格產業店家名冊"
"35683","提供本市工廠廠商名冊查詢"
"35684","新竹市公有市場，委外經營市場資料。"
"35685","新竹市各攤集區"
"35686","新竹市受保護樹木清冊"
"35691","為利漁業事務聯絡建立聯絡資訊"
"35692","野生動物保護區"
"35693","提供本市商業名冊查詢"
"35694","新竹市漁船筏數量"
"35695","新竹市自來水管承裝商相關資訊"
"35696","新竹市電器承裝商相關資訊"
"35697","新竹市加油(氣)站相關資訊"
"35698","新竹市政府政風處暨所屬政風機構人員統計"
"35699","新竹市政府廉政倫理事件統計"
"35700","每月10日公告前1個月債務資訊"
"35701","揭露新竹市酒製造業者等相關資料，俾供消費者洽詢或申訴等事宜，以維護其權益。"
"35704","提供104年市有財產總值資料(依據104年度決算數編製)"
"35705","新竹市幼兒園名錄"
"35706","提供新竹市終身教育學習地圖資料查詢"
"35707","新竹市立國中小通訊資料"
"35708","新竹市國小學區劃分"
"35709","新竹市國中學區劃分"
"35710","新竹市各學年度國民小學普通班班級數及學生人數"
"35711","新竹市各學年度國民中學普通班班級數及學生人數"
"35712","提供本市公共圖書館名冊及通訊方式查詢"
"35713","參觀資訊"
"35714","考取或持有(憑外縣市有效證照換證)新竹市街頭藝人證照之名單"
"35715","新竹市演藝團體登記立案自90年起移由文化局管轄，本資料係90年至104年登記立案之職業及業餘演藝團體列表。"
"35716","表列新竹市各類文化資產名稱,項目,公告日期等基本資料"
"35717","新竹市博物館群基本資料"
"35718","新竹市玻璃工藝創作者一覽表"
"35719","新竹市公共圖書館每月書籍借閱量"
"35720","新竹市公共圖書館每年圖書預算及採購冊數"
"35721","新竹市家戶垃圾收運定時定點併沿線垃圾清運彙整總表"
"35722","新竹市環保旅店資訊"
"35723","新竹市綠色商店資訊"
"35724","領有本市核可病媒防治業許可執照業者"
"35725","新竹市空氣品質人工監測站數據資料"
"35726","新竹市機車排氣檢驗站"
"35727","電動機車充電站位置一覽表"
"35728","新竹市噪音管制區"
"35729","新竹市環保局柴油車排煙檢測站地址及聯絡電話"
"35730","公司名稱\t區域\t登記地址\t聯絡電話\t貯存地址(廠址)\t登記證證號\t回收項目\t備註"
"35731","領有新竹市廢食用油工作證之清除機構"
"35732","設籍新竹市轄內清除機構名稱及相關資料"
"35733","新竹市河川水質監測資料數據"
"35734","新竹市農地土壤監測資料"
"35735","新竹市河川測站"
"35736","本府環境影響評估審查委員會委員名單，每2年重新改選1次"
"35737","新竹市各醫療機構之住址、電話"
"35738","新竹市護理之家名冊"
"35739","新竹市產後護理之家名冊"
"35740","新竹市AED設置地點"
"35741","新竹市高齡友善銀行地點及連絡電話"
"35742","新竹市依法設置哺集乳室名冊通訊錄資料(單位名稱、地址、電話)"
"35743","新竹市門診戒菸合約醫療院所通訊錄資料(單位名稱、地址、電話)"
"35744","新竹市健康盒餐業者通訊錄資料(名稱、地址、電話)"
"35745","新竹市遠距健康照護站150站名冊(單位名稱、地址、電話)"
"35746","編號、姓名、醫療院所名稱、地址、電話、傳真"
"35747","提供新竹市流感疫苗合約院所查詢"
"35748","提供本市流感抗病毒藥劑醫療院所查詢"
"35749","提供新竹市幼童公費常規疫苗查詢"
"35750","新竹市國中小高中職學校周邊人行道禁菸範圍表(行政區.學校名稱.禁菸範圍)"
"35751","提供本市預防接種合約院所資料查詢"
"35752","提供新竹市衛生局食品抽驗合格名單"
"35753","提供本市愛滋匿名篩檢機構查詢"
"35754","提供本市針具及保險套販賣點查詢"
"35755","提供本市愛滋廢棄針具回收點查詢"
"35756","提供本市愛滋諮詢服務點名單查詢"
"35757","新竹市中醫診所.負責人.名稱.電話及住址"
"35758","牙醫診所名稱.負責人.地址.電話"
"35759","提供毒品相關事項，如藥癮醫療求助、關懷藥癮個案、戒治醫療院所、民間戒毒機構等資訊。"
"35760","新竹市每月游泳池水質檢驗情形"
"35761","提供每年度新竹市衛生局餐飲衛生管理分級評核名單"
"35762","新竹市衛生局食品複驗名單"
"35763","新竹市衛生局專案抽驗名單"
"35764","新竹市警察局及所屬分局、派出所資料一覽表"
"35765","新竹市錄影監視系統設置地點"
"35766","新竹市違規自動照相固定桿設置地點"
"35767","新竹市易發生婦幼被害犯罪地點"
"35768","新竹市高危險性性侵害加害人人數統計"
"35769","新竹市固定桿違規舉發統計"
"35770","新竹市交通違規取締統計"
"35771","新竹市警察局每月各類交通事故發生與傷亡統計"
"35772","提供新竹市代收稅款金融機構服務據點"
"35773","提供新竹市稅務局保有及管理個人資料檔案名稱、保有依據、資料類別及保管單位等"
"35774","提供新竹市房屋位置所在段落等級表(地段率)資料"
"35775","新竹市娛樂稅徵收率"
"35776","新竹市印花稅課徵範圍、稅率及納稅義務人"
"35777","新竹市使用牌照稅分類稅額表"
"35778","新竹市房屋標準單價資料查詢"
"35779","新竹市各類房屋折舊標準查詢"
"35780","提供新竹市地價稅累進起點地價及課稅級距表"
"35781","新竹市民眾繳稅管道利用情形(99年~105年)"
"35782","新竹市各年度地方稅實徵情況(單位：新臺幣千元，土地增值稅實徵數含上繳中央20%在內)"
"35783","新竹市殯葬管理所服務中心、追思園(殯儀館)、羽化館(火化場)、永生園(納骨堂)及忠靈祠設施資訊"
"35784","新竹市滅火器藥劑更換及充填合格廠商"
"35785","新竹市消防局分隊名稱、GPS座標"
"35786","新竹市消防局各單位通訊錄資料(單位名稱、地址、電話)"
"35787","新竹市消防區巷弄清冊"
"35788","新竹市燃氣熱水器承裝業證書名冊"
"35789","新竹市燃氣熱水器承裝業技術士名冊"
"35790","僅提供民眾查詢新竹市火災次數起火原因及火災損失統計資料"
"35792","消防安全檢查重大不合格場所"
"35793","1.新竹市消防局119受理案件即時訊息內容包含\"
"35794","提供民眾查詢新竹市火警件數、民眾傷亡、財產損失金額、救護件數、救護人數及為民服務等統計資料"
"35795","新竹市消防栓設置地點"
"35796","提供新竹市各級工會團體組織資料查詢"
"35797","提供本市立案之身心障礙者庇護工場名冊"
"35798","提供本市視障按摩院所及小棧名冊"
"35799","勞動部勞動力發展署就業服務據點資訊"
"35800","每月各國產業及社福外籍勞工人數"
"35801","行政院主計總處每半年統計一次"
"35802","行政院主計總處每半年公布一次"
"35803","提供新竹市營業中之不動產經紀業資料"
"35804","新竹市不動產實價登錄資訊-買賣案件，提供101年起買賣案件資料"
"35805","新竹市不動產實價登錄資訊-租賃案件，提供101年起租賃案件資料"
"35806","新竹市不動產實價登錄資訊-預售屋案件，提供101年起預售屋案件資料"
"35807","提供最新新竹市公告現值及公告地價清單"
"35808","抽水站設備乃颱風洪水時緊急排除內水的設備。通常設置水門附近，當河川水位上升至內水無法排出時，需藉抽水站抽水機將水抽排至堤外主河川。新竹市抽水站資訊包含抽水站名稱及其位址與聯絡方式。"
"35809","提供新竹市污水下水道用戶接管戶數"
"35810","是屬於跨區域排水，提供之基本資訊(如：管理機關、水系別、河川名稱、原公告河川界點、新增修河川界點、流經縣市)"
"35811","提供新竹市6公尺以上橋梁資本資料"
"35812","本市路燈位置、編號、型式等資料"
"35813","提供本市區域排水資訊(如：縣市、管理機關、排水路名稱、排水出口、權責起點、權責終點、長度(公里))"
"35814","新竹市道路鋪設柏油預計路段"
"35815","新竹市寬頻管道建置完成路段"
"35816","提供新竹市道路挖掘資訊"
"35817","新竹市政府提供本市開業建築師基本統計資料，包含開業證號、會員證號、事務所名稱、事務所地址、建築師姓名、電話、傳真及電子郵件等資料。"
"35822","提供本市立案之合法身心障礙福利機構名冊"
"35823","新竹市社區發展協會名冊"
"35824","提供0-6歲發展遲緩及身心障礙兒童療育資源清單"
"35825","提供本市立案托嬰中心名冊"
"35826","提供本市居家托育服務中心資料"
"35827","提供本市婦女團體資料"
"35828","提供新竹市青少年館資料"
"35829","提供新竹市避難收容場所數及人數"
"35830","編號、屬性、機構名增、負責人、地址、電話、收容對象、核定收容人數、立案日期"
"35831","新竹市地區辦理社區照顧關懷據點之名冊列表"
"35832","提供新竹市新住民家庭服務中心及兩社區據點服務資訊"
"35833","桃竹苗區健保特約兒童復健療育單位"
"35834","桃竹苗區兒童發展聯合評估中心"
"35835","提供托育津貼統計"
"35836","兒少安置教養機構設施名冊"
"35837","兒少安置教養機構營運概況"
"35838","運動場館租借及使用情形"
"35839","體育場所屬運動場館"
"35840","新竹市公園公廁地點資訊"
"35841","序號、景點名稱、地址、景點介紹"
"35842","提供新竹市合法觀光旅館及一般旅館資料名冊"
"35843","序號、名稱、區域、地址、經緯度、電話、開放時間"
"35844","新竹市各公園資料，包含區別、里、面積、座落位置"
"35845","新竹市分隔島、人行道、路邊栽種植栽資訊"
"35846","新竹市苗圃園區地理位址"
"35847","提供新竹市免費公車預估到站時刻資料"
"35848","本資料係提供本市大客車與遊覽車業者及民眾對於本市部分路況不良之路段，如:道路寬度不足、具坡度之上坡連續彎路路段等，能適時開放道路狀況之資訊，使業者及民眾於使用前述路段前，加強注意行車安全，以降低交通事故。"
"35849","公有停車場相關資訊"
"35850","新竹市政府自行車道建置資料總表"
"35851","資料來源：公路總局。"
"35852","本市砂石車不須經過申請即可通行之路線"
"35853","提供本市塞車路段及時段，供民眾參考"
"35854","新竹市公車站牌資訊"
"35855","新竹市市區公車運量"
"35856","為提升市民使用新竹市公共自行車租賃系統(YouBike)服務品質，透過資料透明化，提供各站點資訊，滿足市民最後一哩公共運輸需求。"
"35857","提供新竹市動物園動物資料"
"35858","各年度動物園門票收入及入園人數統計表"
"35859","各年度動物園3D電影使用及遊園導覽人次統計表"
"35866","106年度行政院農業委員會臺南區農業改良場單位預算"
"35877","新北市轄內所有橋梁的基本屬性資料。"
"35878","1.新北市幼兒（稚）園教育(含性別)\r\n2.單位：人；%\r\n3.各項欄位說明詳參新北市性別圖像電子檔(網址：http://www.bas.ntpc.gov.tw/content/?parent_id=10473)或電洽主計處查詢。"
"35879","新北市轄內所有橋梁的基本屬性資料。"
"35880","新北市政府財政局經管可提供短期出租市有非公用土地清冊"
"35881","本市付費廣告欄設置地點"
"35883","新北市營建工程空污費收費櫃檯基本資料"
"35884","新北市老人健康檢查醫療院所"
"35885","新北市老人健康檢查醫療院所"
"35886","1.新北市嬰兒出生情形(含性別)\r\n2.單位：千分率\r\n3.各項欄位說明詳參新北市性別圖像電子檔(網址：http://www.bas.ntpc.gov.tw/content/?parent_id=10473)或電洽主計處查詢。"
"35887","1.新北市原住民族教育(含性別)\r\n2.單位：人:男/百女\r\n3.各項欄位說明詳參新北市性別圖像電子檔(網址：http://www.bas.ntpc.gov.tw/content/?parent_id=10473)或電洽主計處查詢。"
"35888","社會局提供的新北市銀髮俱樂部據點\r\n"
"35889","社會局提供的新北市樂活友善共餐點名冊\r\n"
"35890","提供新北市105年至107年地價稅稅額計算公式"
"35891","新北市政府社會局提供的新北市社區發展協會名冊，主要欄位包含區別、名稱、理事長、性別、電話、傳真電話、會址\r\n"
"35892","新北市轄內所有橋梁的基本屬性資料。"
"35893","新北市公園基本資料包含:名稱、所在區、地址、管理單位及聯絡電話-中和區"
"35894","1.新北市婚姻狀況(含性別)\r\n2.單位：人\r\n3.各項欄位說明詳參新北市性別圖像電子檔(網址：http://www.bas.ntpc.gov.tw/content/?parent_id=10473)或電洽主計處查詢。"
"35895","1.新北市原住民族勞動力(含性別)\r\n2.單位：人；%\r\n3.各項欄位說明詳參新北市性別圖像電子檔(網址：http://www.bas.ntpc.gov.tw/content/?parent_id=10473)或電洽主計處查詢。"
"35897","新北市轄內所有橋梁的基本屬性資料。"
"35898","新北市公園基本資料包含:名稱、所在區、地址、管理單位及聯絡電話-泰山區"
"35899","社會局提供的新北市銀髮俱樂部據點\r\n"
"35900","新北市公園基本資料包含:名稱、所在區、地址、管理單位及聯絡電話-石碇區"
"35901","1.新北市就業者行業結構－農業及工業(含性別)\r\n2.單位：%\r\n3.各項欄位說明詳參新北市性別圖像電子檔(網址：http://www.bas.ntpc.gov.tw/content/?parent_id=10473)或電洽主計處查詢。"
"35902","1.新北市人口概況(含性別)\r\n2.單位：千人；男/百女\r\n3.各項欄位說明詳參新北市性別圖像電子檔(網址：http://www.bas.ntpc.gov.tw/content/?parent_id=10473)或電洽主計處查詢。"
"35903","社會局提供的新北市銀髮俱樂部據點\r\n"
"35904","1.新北市勞動力(含性別)\r\n2.單位：千人；%\r\n3.各項欄位說明詳參新北市性別圖像電子檔(網址：http://www.bas.ntpc.gov.tw/content/?parent_id=10473)或電洽主計處查詢。"
"35905","本市104年度地政士開業及異動統計表。"
"35906","1672\r\n新北市老人健康檢查醫療院所"
"35907","新北市公園基本資料包含:名稱、所在區、地址、管理單位及聯絡電話-五股區"
"35908","新北市政府106及105年度歲入實收數比較表"
"35909","新北市轄內所有橋梁的基本屬性資料。"
"35910","包含板橋、新莊、三重、永和、中和、新店、土城、海山、蘆洲、樹林、鶯歌、三峽、汐止、林口、淡水、八里等地區路邊收費停車場收費路段資訊-土城區機車收費"
"35911","新北市老人健康檢查醫療院所"
"35912","新北市轄內所有橋梁的基本屬性資料。"
"35913","新北市轄內所有橋梁的基本屬性資料。"
"35914","新北市政府衛生局提供精神醫療資源，包含綜合醫院(身心科)、精神專科醫院及身心科診所。"
"35915","新北市轄內所有橋梁的基本屬性資料。"
"35916","1.新北市外籍勞工(含性別)\r\n2.單位：人；%；人次\r\n3.各項欄位說明詳參新北市性別圖像電子檔(網址：http://www.bas.ntpc.gov.tw/content/?parent_id=10473)或電洽主計處查詢。\r\n"
"35917","1.新北市失業率－婚姻狀況別(含性別)\r\n2.單位：%\r\n3.\r\n"
"35918","1.新北市新住民概況(含性別)\r\n2.單位：人；男/百女\r\n3.各項欄位說明詳參新北市性別圖像電子檔(網址：http://www.bas.ntpc.gov.tw/content/?parent_id=10473)或電洽主計處查詢。"
"35919","新北市轄內所有橋梁的基本屬性資料。"
"35920","新北市老人健康檢查醫療院所"
"35921","新北市公園基本資料包含:名稱、所在區、地址、管理單位及聯絡電話-三峽區"
"35922","新北市老人健康檢查醫療院所"
"35923","1.新北市婚姻狀況—喪偶年齡結構(含性別)\r\n2.單位：%\r\n3.各項欄位說明詳參新北市性別圖像電子檔(網址：http://www.bas.ntpc.gov.tw/content/?parent_id=10473)或電洽主計處查詢。"
"35924","\r\n本市付費廣告欄設置地點"
"35925","新北市轄內所有橋梁的基本屬性資料。"
"35926","新北市政府社會局提供的新北市社區發展協會名冊，主要欄位包含區別、名稱、理事長、性別、電話、傳真電話、會址\r\n"
"35927","本市開業地政士進行業務檢查紀錄資料"
"35928","包含板橋、新莊、三重、永和、中和、新店、土城、海山、蘆洲、樹林、鶯歌、三峽、汐止、林口、淡水、八里等地區路邊收費停車場收費路段資訊-永和區"
"35929","新北市老人健康檢查醫療院所"
"35930","包含板橋、新莊、三重、永和、中和、新店、土城、海山、蘆洲、樹林、鶯歌、三峽、汐止、林口、淡水、八里等地區路邊收費停車場收費路段資訊-八里區"
"35931","新北市轄內所有橋梁的基本屬性資料。"
"35932","提供新北市網路與臨櫃申報件數統計"
"35933","新北市公辦市地重劃成果財務狀況"
"35934","104年新北市交通違規取締統計"
"35935","新北市公園基本資料包含:名稱、所在區、地址、管理單位及聯絡電話-永和區"
"35936","1.新北市人口年齡分配(含性別)\r\n2.單位：%；歲\r\n3.各項欄位說明詳參新北市性別圖像電子檔(網址：http://www.bas.ntpc.gov.tw/content/?parent_id=10473)或電洽主計處查詢。"
"35937","新北市垃圾焚化廠位置"
"35938","新北市104年度徵起之國稅、縣市稅分成數額表"
"35940","本市付費廣告欄設置地點"
"35941","近五年新北市市有財產產總目錄(100年度-104年度)"
"35942","社會局提供的新北市銀髮俱樂部據點\r\n"
"35945","新北市老人健康檢查醫療院所"
"35946","1.新北市原住民族人口(含性別)\r\n2.單位：人；男/百女\r\n3.各項欄位說明詳參新北市性別圖像電子檔(網址：http://www.bas.ntpc.gov.tw/content/?parent_id=10473)或電洽主計處查詢。"
"35947","新北市政府查獲涉嫌違反菸酒管理法案件月報表"
"35948","本市付費廣告欄設置地點"
"35949","明瞭新北巿轄區內各項稅收稽徵成本情形，提供行政管理，以及研定施政計畫參考之需。"
"35950","各區清潔隊地址及電話"
"35951","新北市老人健康檢查醫療院所"
"35952","社會局提供的新北市銀髮俱樂部據點\r\n"
"35953","包含板橋、新莊、三重、永和、中和、新店、土城、海山、蘆洲、樹林、鶯歌、三峽、汐止、林口、淡水、八里等地區路邊收費停車場收費路段資訊-泰山區"
"35954","包含板橋、新莊、三重、永和、中和、新店、土城、海山、蘆洲、樹林、鶯歌、三峽、汐止、林口、淡水、八里等地區路邊收費停車場收費路段資訊-三峽區"
"35955","新北市轄內所有橋梁的基本屬性資料。"
"35956","提供有關員工廉政倫理規範問答輯要"
"35957","新北市公園基本資料包含:名稱、所在區、地址、管理單位及聯絡電話-樹林區"
"35958","新北市轄內所有橋梁的基本屬性資料。"
"35959","1.新北市勞動力參與率(含性別)\r\n2.單位：%\r\n3.各項欄位說明詳參新北市性別圖像電子檔(網址：http://www.bas.ntpc.gov.tw/content/?parent_id=10473)或電洽主計處查詢。\r\n"
"35960","1.新北市失業率—教育程度別(含性別)\r\n2.單位：%\r\n3.各項欄位說明詳參新北市性別圖像電子檔(網址：http://www.bas.ntpc.gov.tw/content/?parent_id=10473)或電洽主計處查詢。"
"35961","新北市102年度預算數及執行數共同比（執行率）"
"35962","新北市正在辦理中自辦市地重劃地區統計表"
"35963","新北市成立災害應變中心一覽表"
"35964","104年度二重疏洪道兩側重劃區土地標售成果一覽表"
"35966","新北市老人健康檢查醫療院所"
"35967","新北市老人健康檢查醫療院所"
"35968","新北市公園基本資料包含:名稱、所在區、地址、管理單位及聯絡電話-金山區"
"35969","新北市政府社會局提供的新北市社區發展協會名冊，主要欄位包含區別、名稱、理事長、性別、電話、傳真電話、會址\r\n"
"35970","提供本市各行政區105年1月起每月之契稅稅源統計資料"
"35971","新北市公園基本資料包含:名稱、所在區、地址、管理單位及聯絡電話-淡水區"
"35972","提供新北市政府稅捐稽徵處103年度全功能服務櫃檯服務統計表"
"35973","新北市政府社會局提供的新北市公共托老中心(含日照中心)一覽表"
"35974","社會局提供的新北市銀髮俱樂部據點\r\n"
"35975","新北市政府社會局提供的新北市社區發展協會名冊，主要欄位包含區別、名稱、理事長、性別、電話、傳真電話、會址\r\n"
"35976","社會局提供的新北市銀髮俱樂部據點\r\n"
"35977","包含板橋、新莊、三重、永和、中和、新店、土城、海山、蘆洲、樹林、鶯歌、三峽、汐止、林口、淡水、八里等地區路邊收費停車場收費路段資訊-三重區"
"35978","新北市老人健康檢查醫療院所"
"35979","社會局提供的新北市銀髮俱樂部據點\r\n"
"35980","本市付費廣告欄設置地點"
"35981","提供新北市79年迄今各年度累進起點地價"
"35982","社會局提供的新北市銀髮俱樂部據點\r\n"
"35983","新北市轄內所有橋梁的基本屬性資料。"
"35984","本市付費廣告欄設置地點"
"35985","新北市轄內所有橋梁的基本屬性資料。"
"35986","新北市老人健康檢查醫療院所"
"35987","新北市公園基本資料包含:名稱、所在區、地址、管理單位及聯絡電話-蘆洲區"
"35988","新北市公園基本資料包含:名稱、所在區、地址、管理單位及聯絡電話-林口區"
"35989","本市付費廣告欄設置地點"
"35990","本市付費廣告欄設置地點"
"35991","新北市公園基本資料包含:名稱、所在區、地址、管理單位及聯絡電話-萬里區"
"35992","本市付費廣告欄設置地點"
"35994","新北市政府社會局提供的新北市公共托老中心(含日照中心)一覽表"
"35996","新北市老人健康檢查醫療院所"
"35997","1.新北市學校教育(含性別)\r\n2.單位：人；%\r\n3.各項欄位說明詳參新北市性別圖像電子檔(網址：http://www.bas.ntpc.gov.tw/content/?parent_id=10473)或電洽主計處查詢。"
"35998","目前新北市轄內通過行政院環境保護署設施場所認證共計11處，提供環境教育專業服務，具有不同的豐富自然或人文特色的學習環境。"
"35999","社會局提供的新北市銀髮俱樂部據點\r\n"
"36000","1.新北市離婚情形(含性別)\r\n2.單位：人；千分率；%\r\n3.各項欄位說明詳參新北市性別圖像電子檔(網址：http://www.bas.ntpc.gov.tw/content/?parent_id=10473)或電洽主計處查詢。"
"36001","新北市老人健康檢查醫療院所"
"36002","新北市政府社會局提供的新北市社區發展協會名冊，主要欄位包含區別、名稱、理事長、性別、電話、傳真電話、會址\r\n"
"36003","新北市老人健康檢查醫療院所"
"36004","新北市政府社會局提供的新北市公共托老中心(含日照中心)一覽表"
"36005","本市付費廣告欄設置地點"
"36006","社會局提供的新北市銀髮俱樂部據點\r\n"
"36007","新北市政府社會局提供的新北市社區發展協會名冊，主要欄位包含區別、名稱、理事長、性別、電話、傳真電話、會址\r\n"
"36008","提供人民申請案件期限表"
"36009","新北市公園基本資料包含:名稱、所在區、地址、管理單位及聯絡電話-石門區"
"36010","新北市政府社會局提供的新北市社區發展協會名冊，主要欄位包含區別、名稱、理事長、性別、電話、傳真電話、會址\r\nn"
"36012","新北市政府社會局提供的新北市社區發展協會名冊，主要欄位包含區別、名稱、理事長、性別、電話、傳真電話、會址\r\n"
"36013","新北市老人健康檢查醫療院所"
"36014","新北市轄內所有橋梁的基本屬性資料。"
"36015","社會局提供的新北市銀髮俱樂部據點\r\n"
"36016","新北市轄內所有橋梁的基本屬性資料。"
"36017","新北市老人健康檢查醫療院所"
"36018","新北市政府社會局提供的新北市社區發展協會名冊，主要欄位包含區別、名稱、理事長、性別、電話、傳真電話、會址\r\n"
"36020","新北市政府社會局提供的新北市社區發展協會名冊，主要欄位包含區別、名稱、理事長、性別、電話、傳真電話、會址\r\n"
"36021","新北市公園基本資料包含:名稱、所在區、地址、管理單位及聯絡電話-瑞芳區"
"36022","提供受理之檢舉管道"
"36023","社會局提供的新北市銀髮俱樂部據點\r\n"
"36024","社會局提供的新北市銀髮俱樂部據點\r\n"
"36025","包含板橋、新莊、三重、永和、中和、新店、土城、海山、蘆洲、樹林、鶯歌、三峽、汐止、林口、淡水、八里等地區路邊收費停車場收費路段資訊-汐止區"
"36026","提供新北市多元繳稅方式件數"
"36027","新北市政府有線廣播電視收費標準"
"36028","新北市轄內所有橋梁的基本屬性資料。"
"36029","新北市公園基本資料包含:名稱、所在區、地址、管理單位及聯絡電話-汐止區"
"36030","包含板橋、新莊、三重、永和、中和、新店、土城、海山、蘆洲、樹林、鶯歌、三峽、汐止、林口、淡水、八里等地區路邊收費停車場收費路段資訊-鶯歌區"
"36031","新北市政府社會局提供的新北市社區發展協會名冊，主要欄位包含區別、名稱、理事長、性別、電話、傳真電話、會址\r\n"
"36032","新北市政府新聞局現有人員統計"
"36033","新北市104年度預算數及執行數共同比（執行率）"
"36034","新北市轄內所有橋梁的基本屬性資料。"
"36035","新北市正在辦理中公辦市地重劃地區統計表"
"36036","1.新北市嬰兒生母生育胎次及年齡(含性別)\r\n2.單位：%\r\n3.各項欄位說明詳參新北市性別圖像電子檔(網址：http://www.bas.ntpc.gov.tw/content/?parent_id=10473)或電洽主計處查詢。"
"36037","包含板橋、新莊、三重、永和、中和、新店、土城、海山、蘆洲、樹林、鶯歌、三峽、汐止、林口、淡水、八里等地區路邊收費停車場收費路段資訊-淡水區"
"36038","新北市公園基本資料包含:名稱、所在區、地址、管理單位及聯絡電話-新莊區"
"36039","新北市轄內所有橋梁的基本屬性資料。"
"36041","1.新北市就業者職業結構(含性別)\r\n2.單位：%；小時\r\n3.各項欄位說明詳參新北市性別圖像電子檔(網址：http://www.bas.ntpc.gov.tw/content/?parent_id=10473)或電洽主計處查詢。\r\n"
"36042","包含板橋、新莊、三重、永和、中和、新店、土城、海山、蘆洲、樹林、鶯歌、三峽、汐止、林口、淡水、八里等地區路邊收費停車場收費路段資訊-新店區"
"36044","新北市公園基本資料包含:名稱、所在區、地址、管理單位及聯絡電話-深坑區"
"36045","新北市政府社會局提供的新北市社區發展協會名冊，主要欄位包含區別、名稱、理事長、性別、電話、傳真電話、會址\r\n"
"36046","新北市政府財政局主導辦理都市更新案件進度表"
"36047","新北市老人健康檢查醫療院所"
"36048","社會局提供的新北市銀髮俱樂部據點\r\n"
"36049","新北市103年度預算數及執行數共同比（執行率）"
"36050","新北市老人健康檢查醫療院所"
"36051","社會局提供的新北市銀髮俱樂部據點\r\n"
"36052","新北市政府社會局提供的新北市社區發展協會名冊，主要欄位包含區別、名稱、理事長、性別、電話、傳真電話、會址\r\nn"
"36053","新北市政府社會局提供的新北市社區發展協會名冊，主要欄位包含區別、名稱、理事長、性別、電話、傳真電話、會址\r\n"
"36054","新北市政府社會局提供的新北市社區發展協會名冊，主要欄位包含區別、名稱、理事長、性別、電話、傳真電話、會址\r\n"
"36055","新北市轄內所有橋梁的基本屬性資料。"
"36056","颱風來襲管制區域，新北市三個地區劃定為管制區，凡颱風發佈海上陸上颱風警報，非持有通行證件，不得進入"
"36057","社會局提供的新北市樂活友善共餐點名冊\r\n"
"36058","社會局提供的新北市樂活友善共餐點名冊\r\n"
"36059","社會局提供的新北市樂活友善共餐點名冊\r\n"
"36060","1.新北市婚姻狀況—有偶年齡結構(含性別)\r\n2.單位：%\r\n3.各項欄位說明詳參新北市性別圖像電子檔(網址：http://www.bas.ntpc.gov.tw/content/?parent_id=10473)或電洽主計處查詢。"
"36061","新北市政府社會局提供的新北市社區發展協會名冊，主要欄位包含區別、名稱、理事長、性別、電話、傳真電話、會址\r\n"
"36062","新北市掩埋場位置"
"36063","包含板橋、新莊、三重、永和、中和、新店、土城、海山、蘆洲、樹林、鶯歌、三峽、汐止、林口、淡水、八里等地區路邊收費停車場收費路段資訊-蘆洲區"
"36065","新北市老人健康檢查醫療院所"
"36066","新北市市有土地用地分析"
"36067","1.新北市勞工保險及勞資爭議(含性別)\r\n2.單位：人\r\n3.各項欄位說明詳參新北市性別圖像電子檔(網址：http://www.bas.ntpc.gov.tw/content/?parent_id=10473)或電洽主計處查詢。"
"36068","新北市空氣品質淨化區基本資料"
"36069","新北市政府社會局提供的新北市社區發展協會名冊，主要欄位包含區別、名稱、理事長、性別、電話、傳真電話、會址\r\n"
"36071","新北市公園基本資料包含:名稱、所在區、地址、管理單位及聯絡電話-鶯歌區"
"36072","105年度土城暫緩發展區及附近地區市地重劃開發案土地標售成果一覽表"
"36073","1.新北市公司、商業及工廠登記負責人結構(含性別)\r\n2.單位：人；%\r\n3.各項欄位說明詳參新北市性別圖像電子檔(網址：http://www.bas.ntpc.gov.tw/content/?parent_id=10473)或電洽主計處查詢。"
"36075","新北市政府社會局提供的新北市社區發展協會名冊，主要欄位包含區別、名稱、理事長、性別、電話、傳真電話、會址\r\n"
"36076","新北市公園基本資料包含:名稱、所在區、地址、管理單位及聯絡電話-新店區"
"36077","社會局提供的新北市樂活友善共餐點名冊\r\n"
"36078","新北市轄內所有橋梁的基本屬性資料。"
"36079","新北市公園基本資料包含:名稱、所在區、地址、管理單位及聯絡電話-三重區"
"36080","本市付費廣告欄設置地點"
"36081","新北市政府社會局提供的新北市社區發展協會名冊，主要欄位包含區別、名稱、理事長、性別、電話、傳真電話、會址\r\n"
"36082","社會局提供的新北市樂活友善共餐點名冊\r\n"
"36083","社會局提供的新北市樂活友善共餐點名冊\r\n"
"36084","新北市政府社會局提供的新北市社區發展協會名冊，主要欄位包含區別、名稱、理事長、性別、電話、傳真電話、會址\r\n"
"36085","社會局提供的新北市銀髮俱樂部據點\r\n"
"36086","新北市公園基本資料包含:名稱、所在區、地址、管理單位及聯絡電話-三芝區"
"36087","提供新北市政府稅捐稽徵處104年度網路申辦案件統計表。"
"36088","新北市老人健康檢查醫療院所"
"36089","1.新北市就業者教育程度結構(含性別)\r\n2.單位：%\r\n3.各項欄位說明詳參新北市性別圖像電子檔(網址：http://www.bas.ntpc.gov.tw/content/?parent_id=10473)或電洽主計處查詢。"
"36091","1.新北市就業者從業身分結構(含性別)\r\n2.單位：%\r\n3.各項欄位說明詳參新北市性別圖像電子檔(網址：http://www.bas.ntpc.gov.tw/content/?parent_id=10473)或電洽主計處查詢。"
"36092","提供新北市政府稅捐稽徵處103年度網路申辦案件統計表。"
"36093","新北市政府103及102年度歲入實收數比較表"
"36094","本市付費廣告欄設置地點"
"36095","社會局提供的新北市樂活友善共餐點名冊\r\n"
"36096","新北市政府社會局提供的新北市社區發展協會名冊，主要欄位包含區別、名稱、理事長、性別、電話、傳真電話、會址\r\n"
"36097","新北市公園基本資料包含:名稱、所在區、地址、管理單位及聯絡電話-貢寮區"
"36098","本資料集為本市各轄區之土地段名與段代碼對照表(資料更新截至105年9月15日)"
"36099","本市付費廣告欄設置地點"
"36100","提供有關公職人員利益衝突迴避制度問答輯要"
"36101","1.新北市原住民族福利(含性別)\r\n2.單位：人\r\n3.各項欄位說明詳參新北市性別圖像電子檔(網址：http://www.bas.ntpc.gov.tw/content/?parent_id=10473)或電洽主計處查詢。"
"36102","新北市政府有線廣播電視費率審議委員會設置要點。"
"36103","新北市老人健康檢查醫療院所"
"36104","1.新北市就業者年齡結構(含性別)\r\n2.單位：%\r\n3.各項欄位說明詳參新北市性別圖像電子檔(網址：http://www.bas.ntpc.gov.tw/content/?parent_id=10473)或電洽主計處查詢。"
"36105","1.新北市失業率－年齡別(含性別)\r\n2.單位：%\r\n3.各項欄位說明詳參新北市性別圖像電子檔(網址：http://www.bas.ntpc.gov.tw/content/?parent_id=10473)或電洽主計處查詢。"
"36106","新北市轄內所有橋梁的基本屬性資料。"
"36107","新北市轄內所有橋梁的基本屬性資料。"
"36108","新北市政府社會局提供的新北市社區發展協會名冊，主要欄位包含區別、名稱、理事長、性別、電話、傳真電話、會址\r\n"
"36109","新北市轄內所有橋梁的基本屬性資料。"
"36110","新北市公園基本資料包含:名稱、所在區、地址、管理單位及聯絡電話-八里區"
"36111","新北市老人健康檢查醫療院所"
"36112","新北市老人健康檢查醫療院所"
"36113","1.新北市就業者行業結構－服務業(含性別)\r\n2.單位：%\r\n3.各項欄位說明詳參新北市性別圖像電子檔(網址：http://www.bas.ntpc.gov.tw/content/?parent_id=10473)或電洽主計處查詢。"
"36114","\r\n本市付費廣告欄設置地點"
"36115","1.新北市人口消長(含性別)\r\n2.單位：千分率；人；男/百女\r\n3.各項欄位說明詳參新北市性別圖像電子檔(網址：http://www.bas.ntpc.gov.tw/content/?parent_id=10473)或電洽主計處查詢。"
"36117","1.新北市結婚情形(含性別)\r\n2.單位：人；歲；千分率\r\n3.各項欄位說明詳參新北市性別圖像電子檔(網址：http://www.bas.ntpc.gov.tw/content/?parent_id=10473)或電洽主計處查詢。"
"36118","本市依法核發開業執照且執照尚在有效期限內之地政士名冊。另本資料各行政區代碼如下:八里區1、三芝區2、三重區3、三峽區4、土城區5、中和區6、五股區7、平溪區8、永和區9、石門區10、石碇區11、汐止區12、坪林區13、林口區14、板橋區15、金山區16、泰山區17、烏來區18、貢寮區19、淡水區20、深坑區21、新店區22、新莊區23、瑞芳區24、萬里區25、樹林區26、雙溪區27、蘆洲區28、鶯歌區29。"
"36119","社會局提供的新北市樂活友善共餐點名冊\r\n"
"36120","新北市老人健康檢查醫療院所"
"36121","新北市轄內所有橋梁的基本屬性資料。"
"36122","包含板橋、新莊、三重、永和、中和、新店、土城、海山、蘆洲、樹林、鶯歌、三峽、汐止、林口、淡水、八里等地區路邊收費停車場收費路段資訊-土城區"
"36123","新北市公園基本資料包含:名稱、所在區、地址、管理單位及聯絡電話-土城區"
"36124","新北市公園基本資料包含:名稱、所在區、地址、管理單位及聯絡電話-雙溪區"
"36125","提供新北市政府稅捐稽徵處104年度全功能服務櫃檯服務統計表"
"36126","新北市徵起之國稅、縣市稅數額表(97-105)"
"36127","本市付費廣告欄設置地點"
"36128","包含板橋、新莊、三重、永和、中和、新店、土城、海山、蘆洲、樹林、鶯歌、三峽、汐止、林口、淡水、八里等地區路邊收費停車場收費路段資訊-板橋區"
"36129","本市付費廣告欄設置地點"
"36130","新北市政府社會局提供的新北市社區發展協會名冊，主要欄位包含區別、名稱、理事長、性別、電話、傳真電話、會址\r\n"
"36131","本市付費廣告欄設置地點"
"36132","新北市政府警察局暨所屬各機關(含內、外勤單位)聯絡一覽表"
"36133","社會局提供的新北市銀髮俱樂部據點\r\n"
"36134","社會局提供的新北市銀髮俱樂部據點\r\n"
"36135","1.新北市初婚情形(含性別)\r\n2.單位：%；人\r\n3.各項欄位說明詳參新北市性別圖像電子檔(網址：http://www.bas.ntpc.gov.tw/content/?parent_id=10473)或電洽主計處查詢。"
"36136","新北市轄內所有橋梁的基本屬性資料。"
"36137","新北市政府社會局提供的新北市社區發展協會名冊，主要欄位包含區別、名稱、理事長、性別、電話、傳真電話、會址\r\n"
"40000","新北市綠色商店"
"40001","本資料集為本市新店地政事務所轄區之土地新舊建號對照表(資料更新截至105年11月10日)"
"40002","本資料集為本市汐止地政事務所轄區之土地新舊建號對照表(資料更新截至105年11月10日)"
"40003","本資料集為本市新莊地政事務所轄區之土地新舊建號對照表(資料更新截至105年11月10日)"
"40004","本資料集為本市板橋地政事務所轄區之土地新舊建號對照表(資料更新截至105年11月10日)"
"40005","本資料集為本市三重地政事務所轄區之土地新舊地號對照表(資料更新截至105年11月10日)"
"40006","因受領遲延、拒絕受領或不能受領之土地徵收補償費，自通知送達發生效力之日起，逾15年未領取將歸屬國庫之案件"
"40007","區段徵收開發案已標售土地一覽表"
"40008","區段徵收成果統計表"
"40009","105年度新北市學童護眼方案合約醫療院所"
"40046","歲入來源別預算表、歲出機關別預算表等表、歲入項目說明提要表、歲出計畫提要及分支計畫概況表、各項費用彙計表、歲出一級用途別科目分析表、資本支出分析表、人事費分析表、預算員額明細表、公務車輛明細表、補助經費分析表、捐助經費分析表、委辦經費分析表等"
"40047","街友安置及餐食機構相關資訊"
"40052","歲入來源別預算表等20表件"
"40090","提供資料包含：保護區名稱、法令依據_提報機關、管理目的及內容、經緯度一、經緯度二、經緯度三、經緯度四、經緯度五、經緯度六、經緯度七、經緯度八、面積_km2、管理機關、備註一、備註二等欄位資料。"
"40091","提供資料包含：海洋保護區類型、權責機關、法令依據、面積_km2、佔現有海洋保護區面積比例、佔12浬海域面積比例、備註等欄位資料。"
"40100","提供資料包含：保護區名稱、法令依據_提報機關、管理目的及內容、經緯度一、經緯度二、經緯度三、經緯度四、經緯度五、經緯度六、經緯度七、經緯度八、面積_km2、管理機關、備註一、備註二等欄位資料。"
"40123","勞動統計名詞對照表"
"40125","工會數及工會會員人數"
"40137","工會數及工會會員人數－按地區分"
"40138","企業工會及產業工會之工會數及工會會員人數－按行業分"
"40139","企業工會及產業工會之工會數及工會會員人數－按地區及行業分"
"40140","提供資料包含：保護區名稱、法令依據_提報機關、管理目的及內容、經緯度一、經緯度二、經緯度三、經緯度四、經緯度五、經緯度六、經緯度七、經緯度八、面積_km2、管理機關、備註一、備註二等欄位資料。"
"40141","職業工會之工會數及工會會員人數－按職業分"
"40142","職業工會之工會數及工會會員人數－按地區及職業分"
"40143","事業單位團體協約家數"
"40144","事業單位團體協約家數－按地區分"
"40145","勞資會議家數"
"40148","勞資會議家數－按地區分"
"40149","勞資爭議件數、人數"
"40151","國立國父紀念館之館藏圖書目錄資訊"
"40152","國立臺灣文學館之館藏圖書目錄資訊"
"40155","國立臺灣工藝研究發展中心之館藏圖書目錄資訊"
"40156","勞資爭議件數－按主要爭議類別及地區分"
"40157","國立中正紀念堂管理處之館藏圖書目錄資訊"
"40158","勞資爭議件數－按行業分"
"40159","國立臺灣歷史博物館之館藏圖書目錄資訊"
"40160","國立臺灣交響樂團之館藏圖書目錄資訊"
"40162","國立傳統藝術中心臺灣音樂館之館藏圖書目錄資訊"
"40163","國立臺灣美術館之館藏圖書目錄資訊"
"40164","勞資爭議人數－按性別及地區分"
"40166","勞資爭議人數－按性別及行業分"
"40167","性別工作平等申訴案件受理件數及評議件數"
"40168","性別工作平等申訴案件受理件數及評議件數－按地區分"
"40169","勞雇雙方協商減少工時概況(本項資料係事業單位向縣市政府通報)"
"40170","提撥勞工教育經費及勞工教育班數"
"40171","提撥勞工教育經費及勞工教育班數－按地區分"
"40172","勞工服務中心服務件數"
"40173","勞工服務中心服務件數－按地區分"
"40174","勞工志願服務概況"
"40175","勞工志願服務概況－按地區分"
"40176","職工福利概況"
"40177","職工福利概況－按地區分"
"40180","爭議審議案件審定書資料"
"40182","就業平等法規"
"40183","全球就業平等法治概況"
"40184","國際勞動市場概況企業資訊"
"40185","國際勞資關係動態資訊"
"40186","違反性別工作平等法申訴聯絡窗口"
"40187","勞動基準法疑義詢問"
"40188","勞動基準法適用行業別"
"40189","勞動基準法相關假別表"
"40200","提供資料包含：年份、數值、單位、縣市別、家畜別等欄位資料"
"40201","提供林務局函釋資料連結網址"
"40205","為發展具本市特色文化創意產業、鼓勵優秀創意人才結合，新北市年度「文創藝術、設計媒合產業補助計畫」"
"40206","新北市政府文化局為發展具本市特色之文化創意產業、鼓勵學校學生及優秀創意人才結合，促進新興設計人才、藝術家及文創工作者與產業界之合作，發揮地方產業的文化價值及創意內涵，特訂定本要點。"
"40207","新北市政府文化局辦理藝文展演活動半年度統計表"
"40208","提供新北市當月藝文活動資訊"
"40209","年度社區營造補助名單及經費等相關資訊"
"40210","新北市地區考古遺址文字說明及位置表"
"40211","新北市政府財政局經管市有非公用閒置建物清冊"
"40212","新北市政府財政局經管市有非公用閒置土地清冊"
"40213","新北市政府100年度至106年度歲入預決算比較表"
"40214","新北市政府社會局提供的新北市身心障礙者日間照顧服務中心名冊。"
"40215","新北市政府社會局提供的新北市遊民中途之家名冊"
"40216","新北市政府社會局提供的新北市遊民外展服務中心資訊。"
"40217","新北市政府社會局提供的新北市身心障礙者日間作業設施服務單位名冊。"
"40218","新北市政府社會局提供的新北市低收入戶老人機構安置補助暨老人保護安置合約機構名冊。"
"40219","新北市政府社會局提供的新北市民間志願服務運用單位已備案名冊。"
"40220","新北市政府社會局提供的新北市私立社會福利慈善事業基金會名冊。"
"40221","水梯田認養名單資訊，含地址、電話及聯絡人名稱等資料。"
"40222","賞魚、蝶、螢之資訊"
"40223","原生動植物復育名單"
"40224","挖子尾自然保留區動物名錄"
"40225","封溪護漁範圍清單區域資料"
"40226","外來入侵動植物防治名單"
"40227","新北市政府104年度晉升薦(簡)任官等訓練參訓情形"
"40228","表列數字係包含本府各級機關學校間人員調任人次。"
"40229","1.資料日期：105年12月31日。\r\n2.本表為半年報，每年7月底及次年1月底前更新。"
"40230","統計時間：106年1月1日。"
"40231","一、執行期程：105年1月至12月\r\n二、個人諮詢次數：138次，團體諮詢次數：2次。\r\n"
"40232","新北市戶外環境噴藥各區期程\r\n若無登載者請洽各區清潔隊或\r\n聯絡資訊02-29532111分機4046\r\n\r\n"
"40233","本資料集為本市樹林地政事務所轄區之土地新舊地號對照表(資料更新截至105年11月10日)"
"40234","本資料集為本市瑞芳地政事務所轄區之土地新舊地號對照表(資料更新截至105年11月10日)"
"40235","本資料集為本市板橋地政事務所轄區之土地新舊地號對照表(資料更新截至105年11月10日)"
"40236","本資料集為本市淡水地政事務所轄區之土地新舊地號對照表(資料更新截至105年11月10日)"
"40237","本資料集為本市汐止地政事務所轄區之土地新舊地號對照表(資料更新截至105年11月10日)"
"40239","本資料集為本市中和地政事務所轄區之土地新舊地號對照表(資料更新截至105年11月10日)"
"40240","本資料集為本市新店地政事務所轄區之土地新舊地號對照表(資料更新截至105年11月10日)"
"40241","本資料集為本市新莊地政事務所轄區之土地新舊地號對照表(資料更新截至105年11月10日)"
"40242","本資料集為本市瑞芳地政事務所轄區之土地新舊建號對照表(資料更新截至105年11月10日)"
"40243","本資料集為本市中和地政事務所轄區之土地新舊建號對照表(資料更新截至105年11月10日)"
"40244","本資料集為本市三重地政事務所轄區之土地新舊建號對照表(資料更新截至105年11月10日)"
"40245","本資料集為本市樹林地政事務所轄區之土地新舊建號對照表(資料更新截至105年11月10日)"
"40249","提供新北市都市更新審議委員會委員名單"
"40250","ㄧ、提供都市更新地區範圍查詢\r\n二、提供都市更新計畫內容查詢"
"40251","新北市歷年申請住宅補貼情形"
"40258","本項資料係以本府暨所屬各機關(區公所)及烏來區公所為統計範圍，並以104年12月31日為基準日。"
"40266","提供資料包含：年份、數值、單位、森林主產物別_材種等欄位資料。"
"40267","提供資料包含：年份、數值、單位、森林主產物別_樹種等欄位資料。"
"40268","提供資料包含：年份、數值、單位、縣市別等欄位資料。"
"40269","提供資料包含：年份、數值、單位、森林主產物別_材種等欄位資料。"
"40270","提供資料包含：年份、數值、單位、縣市別等欄位資料。"
"40271","提供都市更新契約注意事項"
"40272","說明城鄉發展局各單位的總機及分機"
"40273","新北市政府104年度公教職員年齡結構"
"40274","新北市政府104年度公教職員教育程度結構"
"40275","統計日期：105年8月1日"
"40276","統計日期：105年8月1日"
"40277","提供本市列管清冊供民眾查詢。"
"40278","提供一定規模以上應實施防火管理場所"
"40306","求學及進修:係指各種學習、教育等相關資料集"
"40307","求職及就業:係指各種求職、勞工權益、職場保障等相關資料集"
"40312","提供行政院農業委員會林務局104年度特別預算會計月報下載網址"
"40316","提供資料包含：年月份、數值、單位、農產貿易代碼、國家代碼等欄位資料。"
"40317","提供資料包含：年月份、數值、單位、貨品號列代碼、國家代碼等欄位資料。"
"40318","提供資料包含：年月份、數值、單位、農產貿易代碼、國家代碼等欄位資料"
"40319","自願投保單位申請新投保開戶應檢附證照影本"
"40320","投保單位辦理單位基本資料變更應檢附之相關證件"
"40322","投保單位申報非本國籍勞工加保時應檢附之相關證明文件"
"40324","有關各項保險費被保險人、單位、政府等三方負擔比例一覽表"
"40325","勞保年金各給付年月預定入帳日期"
"40326","勞保局服務功能簡介"
"40327","勞保局服務事項"
"40328","就業保險育嬰留職停薪津貼核付資料之統計"
"40331","提供資料包含：年月份、數值、單位、貨品號列代碼、國家代碼等欄位資料"
"40333","提供資料包含：年月份、數值、單位、農產貿易代碼、國家代碼等欄位資料"
"40353","交通及通訊:係指各種陸海空交通運輸、傳播通訊等相關資料集"
"40357","交通及通訊:係指各種陸海空交通運輸、傳播通訊等相關資料集"
"40358","交通及通訊:係指各種陸海空交通運輸、傳播通訊等相關資料集"
"40359","交通及通訊:係指各種陸海空交通運輸、傳播通訊等相關資料集"
"40360","舊制勞工退休基金會計月報"
"40361","新制勞工退休基金會計月報"
"40380","提供資料包含：品種、品種特徵、品種來源、照片等欄位資料。"
"40388","提供資料包含：個體系統流水號、檢定期別系統代號、個體編號、品種、耳號、出生日期、性別、牧場代號、父登錄號、母登錄號、同胎公仔數、同胎母仔數、同胎顯示、左側乳頭數、右側乳頭數、乳頭顯示、進站體重、欄位、耳標號、緊迫基因、肉質基因、多產基因、淘汰日期、淘汰原因、是否開檢、輸入日期、售價、肉質基因I、肉質基因II、肉質基因III、購買人代號、登錄生產卡號、出售日期、增肌基因、增長基因、瘦肉基因等欄位資料。"
"40389","勞動部年度研究報告清單"
"40406","提供資料包含：識別碼、植物種類(中文)、品種名稱(中文)、申請國家、證書號碼、權利期間、單位等欄位資料。"
"40409","提供資料包含：項目、專利名稱(中文)、發明人、專利權人、專利摘要(中文)、申請國家、證書號、專利期限等欄位資料。"
"40424","提供資料包含：日期、文號、主旨、依據、公告事項網址等欄位資料。"
"40429","提供資料包含：期號、出版日期、內容、作者、下載連結等欄位資料。"
"40444","新竹市文化局藝文活動"
"40448","每小時提供各測站之空氣品質指標（AQI）"
"40450","南投縣轄內免費wifi熱點"
"40459","新北市政府消防局每月績優人員名冊"
"40461","國際商港土地使用分區用途圖表之主管機關,法令名稱,港口別,資料比例尺,圖片網址,碼頭編號,分區用途說明"
"40467","提供資料包括：項目、名稱、說明等欄位資料。"
"40468","提供資料包括：項目、公司名稱、公司電話、營業項目等欄位資料。"
"40471","提供資料包括：項目、名稱、聯絡電話、營業項目等欄位資料。"
"40472","提供資料包括：項目、公司名稱、聯絡電話、營業項目等欄位資料。"
"40473","提供資料包括：項次、公司名稱、電話、營業項目等欄位資料。"
"40475","提供資料包括：項次、地點、容納人數等欄位資料。"
"40480","提供資料包括：年月份、性別、工作性質別、數值、單位等欄位資料。"
"40483","提供資料包括：年月份、性別、官等配置別、數值、單位等欄位資料。"
"40484","提供資料包括：年月份、性別、學歷分布別、數值、單位等欄位資料。"
"40485","提供資料包括：年月份、性別、年齡分布別、數值、單位等欄位資料。"
"40487","提供資料包括：年份、性別、工作性質別、數值、單位等欄位資料。"
"40489","提供資料包括：日期、性別、學歷分布別、數值、單位等欄位資料。"
"40492","提供資料包括：年份、性別、年齡分布別、數值、單位等欄位資料。"
"40507","環保署將每日空氣品質監測站小時測值，經計算之日AQI公布。"
"40511","提供資料包含：年份、數值、單位、森林副產物別等欄位資料。"
"40512","提供資料包括：服務專線、Email、服務說明網頁等欄位資料。"
"40513","提供資料包括：服務專線、植保研究室研究人員聯絡專線、服務說明網頁等欄位資料。"
"40514","提供資料包括：服務專線、E-mail、服務說明網頁等欄位資料。"
"40515","提供資料包括：標題、刊物網址、檔案類型等欄位資料。"
"40516","提供資料包括：標題、刊物網址、檔案類型等欄位資料。"
"40517","提供資料包括：刊物名稱、刊物網址、檔案類型等欄位資料。"
"40539","1.舊制接管率計算依據91.11.12「污水下水道普及率相關參數及計算公式座談會」研商共識，各縣市接管戶數除以（各縣市戶政資料總人口除以假設每戶四人）而得。\r\n2.新普及率處理率計算依據污水下水道第五期建設計畫修正以接管戶數乘以各縣市戶量除以各縣市總人口數而得；各縣市總人口數及各縣市戶量資料來源為內政部戶政司人口資料（縣市人口性比例及人口密度）。"
"40540","全民造林及獎勵造林辦理情形"
"40541","新北市政府員工參訓情形，單位：人次。"
"40542","新北市政府歷次天然災害停止上班上課訊息(自105年起)"
"40543","新北市政府104年度公務人員平時獎懲情形\r\n(不含警、消機關及區公所)"
"40544","新北市政府105年度專書閱讀推廣成果統計表"
"40545","新北市政府「心靈小綠洲講座」辦理情形"
"40546","新北市政府「新手爸媽講座」辦理情形"
"40547","熱水器遷移或更換補助3,000元"
"40548","檢修申報類別及時間"
"40549","提供新北市一定規模以上場所防火管理執行情形"
"40550","新北市轄區機車停車彎資訊"
"40551","105年新北市公費流感抗病毒藥劑合約醫療院所(類流感門診)"
"40552","新北市母嬰親善醫療院所"
"40553","新北市各區母乳支持團體"
"40554","依據公共場所母乳哺育條例規範所設置之哺集乳室"
"40555","非海洛因醫療戒癮門診資訊"
"40556","新北市各醫院地址清單"
"40557","瑞齡學堂服務單位"
"40558","新北市社區安寧相關服務單位"
"40559","巡迴復健車時刻表"
"40560","長照服務提供單位查詢"
"40561","失智症資源介紹"
"40575","健保特約藥局名單"
"40576","新北市政府衛生局提供之105年新北市結核菌素測驗服務單位"
"40580","本所之重要研究成果與重要績效編集"
"40581","專利技術網"
"40582","安全資料表資料庫"
"40583","生物偵測分析方法"
"40584","各國顱顏尺寸資料"
"40585","樣本(男性:702人,女性:371人),量測單位為:mm"
"40586","呼吸防護具用標準頭型"
"40589","電腦工作桌椅尺寸建議值"
"40590","頭盔用標準頭型"
"40591","勞工健康體能常模-身體組成等級表"
"40593","勞工健康體能常模-肌力與肌耐力等級表"
"40594","勞工健康體能常模-頸部活動度等級表"
"40595","勞工健康體能常模-腰部活動度與身體柔軟度等級表"
"40596","勞工健康體能常模-反應、平衡、心肺耐力等級表"
"40598","交通及通訊:係指各種陸海空交通運輸、傳播通訊等相關資料集"
"40604","提供資料包括：年度、月份、樹種、規格-長度(m)、規格-徑度(cm)、品等、羅東處-台北、羅東處-羅東、新竹處-桃園、新竹處-新竹、新竹處-苗栗、東勢處-東勢、東勢處-豐原、南投處-南投、嘉義處-嘉義、屏東處-旗山、屏東處-枋寮、臺東處-臺東、花蓮處-花蓮、花蓮處-玉里、本月平均、比較上月增減%等資訊。"
"40612","提供資料包括：年度、月份、樹種、單位、羅東處-台北、羅東、新竹處-桃園、新竹、苗栗\n、東勢處-東勢、豐原、南投處-南投、嘉義處-嘉義、屏東處-旗山、枋寮、臺東處-臺東、花蓮處-花蓮、玉里、比較上月增減元等資訊。"
"40619","提供資料包括：年度、月份、樹種、品等、羅東處-台北、羅東、新竹處-桃園、新竹、苗栗、東勢處-東勢、豐原、南投處-南投、嘉義處-嘉義、屏東處-旗山、枋寮、臺東處-臺東、花蓮處-花蓮、玉里、比較上月增減元等資訊。"
"40621","提供資料包括：年度、月份、分類、樹種、規格、上月、本月、本年至本月月平均價格、上一年同時期月平均價格、漲跌率%、備註(漲跌原因)等資訊。"
"40624","提供資料包括：年度、月份、林別、樹種、材別、規格、單位、羅東處價格、新竹處價格、東勢處價格、南投處價格、嘉義處價格、屏東處價格、臺東處價格、花蓮處價格等欄位資料。"
"40640","提供資料包括：預算別、機關名稱、補助對象、計畫名稱、核定日期、核定金額等欄位資料。"
"40641","提供資料包括：預算別、機關名稱、計畫執行廠商、計畫名稱、核定日期、核定金額等欄位資料。"
"40642","提供漁船歷年進出港紀錄下載檔案連結，紀錄檔案約1.1GB，請斟酌下載。"
"40653","提供資料包含：項目、連結等欄位資料。"
"40654","提供資料包含：年度、連結等欄位資料。"
"40655","提供資料包含：年度、連結等欄位資料。"
"40692","嘉義縣竹崎地政事務所-最新消息"
"40693","嘉義縣竹崎地政事務所-法規新訊"
"40694","嘉義縣竹崎地政事務所-廉政宣導"
"40695","嘉義縣竹崎地政事務所-書狀補給、建物及土地第一次登記公告"
"40696","嘉義縣竹崎地政事務所-土地建物第一次公告"
"40697","嘉義縣竹崎地政事務所-地政輿情"
"40698","嘉義縣竹崎地政事務所-招標公告"
"40699","嘉義縣竹崎地政事務所-機關徵才"
"40700","嘉義縣竹崎地政事務所-youtube影片專區"
"40701","嘉義縣竹崎地政事務所-活動花絮"
"40702","嘉義縣竹崎地政事務所-編訂管制業務政令宣導"
"40703","嘉義縣竹崎地政事務所-志願服務相關法規"
"40704","嘉義縣竹崎地政事務所-志願服務相關連結網站"
"40705","嘉義縣竹崎地政事務所-本所志工志願服務園地"
"40706","嘉義縣竹崎地政事務所-檔案相關法規"
"40707","嘉義縣竹崎地政事務所-檔案相關連結網站"
"40709","嘉義縣竹崎地政事務所-友好網站"
"40710","嘉義縣竹崎地政事務所-民眾意見回覆總覽"
"40711","嘉義縣竹崎地政事務所-解釋性規定及裁量基準(主動公開資訊)"
"40712","嘉義縣竹崎地政事務所-表單下載"
"40713","嘉義縣竹崎地政事務所-公告訊息"
"40714","嘉義縣竹崎地政事務所-主計公佈欄"
"40715","嘉義縣竹崎地政事務所-常用表單下載"
"40716","嘉義縣竹崎地政事務所-友善連結"
"40717","嘉義縣竹崎地政事務所-線上申辦"
"40718","嘉義縣竹崎地政事務所-檔案應用申請"
"40719","嘉義縣竹崎地政事務所-中央法規及地方自治法規"
"40720","嘉義縣竹崎地政事務所-解釋性規定及裁量基準(主動公開資訊)"
"40721","嘉義縣竹崎地政事務所-組織職掌及聯絡"
"40722","嘉義縣竹崎地政事務所-行政指導文書"
"40723","嘉義縣竹崎地政事務所-施政計畫及業務統計"
"40724","嘉義縣竹崎地政事務所-預算與決算書"
"40725","嘉義縣竹崎地政事務所-個資保護專區"
"40726","嘉義縣竹崎地政事務所-請願處理結果與訴願決定"
"40727","嘉義縣竹崎地政事務所-公共工程與採購契約"
"40728","嘉義縣竹崎地政事務所-支付或接受補助"
"40729","嘉義縣竹崎地政事務所-合議制機關會議紀錄"
"40730","嘉義縣竹崎地政事務所-為民服務白皮書"
"40731","嘉義縣竹崎地政事務所-地籍清理公告"
"40732","嘉義縣民雄戶政事務所-首頁快捷服務"
"40733","嘉義縣民雄戶政事務所-首頁友站連結"
"40734","嘉義縣民雄戶政事務所-申辦項目"
"40735","嘉義縣民雄戶政事務所-活動文宣"
"40736","嘉義縣民雄戶政事務所-QRcode服務專區"
"40737","嘉義縣民雄戶政事務所-表單下載"
"40738","嘉義縣民雄戶政事務所-閱覽申請書"
"40739","嘉義縣民雄戶政事務所-閱覽抄錄複製作業流程"
"40740","嘉義縣民雄戶政事務所-民雄鄉村里鄰人口數"
"40741","嘉義縣民雄戶政事務所-民雄鄉戶籍登記人口數"
"40742","嘉義縣民雄戶政事務所-民雄鄉性別年齡層人口數"
"40743","嘉義縣民雄戶政事務所-民雄鄉原住民人口數"
"40744","嘉義縣民雄戶政事務所-民雄鄉性別、年齡及教育程度統計"
"40745","嘉義縣民雄戶政事務所-最新消息"
"40746","嘉義縣民雄戶政事務所-影片專區"
"40747","嘉義縣民雄戶政事務所-活動訊息"
"40748","嘉義縣民雄戶政事務所-活動花絮"
"40749","嘉義縣民雄戶政事務所-戶政新聞"
"40750","嘉義縣民雄戶政事務所-案例分享"
"40751","嘉義縣民雄戶政事務所-志工園地"
"40752","嘉義縣民雄戶政事務所-志工服務相關法規"
"40753","嘉義縣民雄戶政事務所-國籍專區"
"40754","嘉義縣民雄戶政事務所-國籍相關法規"
"40755","嘉義縣民雄戶政事務所-中央法規及地方自治法規"
"40756","嘉義縣民雄戶政事務所-解釋性規定及裁量基準"
"40757","嘉義縣民雄戶政事務所-組織職掌與聯絡"
"40758","嘉義縣民雄戶政事務所-施政計劃與業務統計"
"40759","嘉義縣民雄戶政事務所-行政指導文書"
"40760","嘉義縣民雄戶政事務所-預算及決算書"
"40761","嘉義縣民雄戶政事務所-公共工程及採購契約"
"40762","嘉義縣民雄戶政事務所-請願處理及訴願決定"
"40763","嘉義縣民雄戶政事務所-支付或接受補助"
"40764","嘉義縣民雄戶政事務所-合議制機關會議紀錄"
"40765","嘉義縣民雄戶政事務所-常見問答"
"40767","嘉義縣民雄戶政事務所-民眾陳情(抱怨)處理"
"40768","嘉義縣民雄戶政事務所-嘉義縣戶政事務所"
"40769","嘉義縣民雄戶政事務所-嘉義縣鄉鎮市公所"
"40770","嘉義縣民雄戶政事務所-嘉義縣政府所屬機關"
"40771","嘉義縣民雄戶政事務所-嘉義縣學校相關"
"40773","嘉義縣民雄戶政事務所-大林鎮村里鄰人口數"
"40774","嘉義縣民雄戶政事務所-溪口鄉村里鄰人口數"
"40775","嘉義縣民雄戶政事務所-新港鄉村里鄰人口數"
"40776","嘉義縣民雄戶政事務所-大林鎮戶籍登記人口數"
"40777","嘉義縣民雄戶政事務所-溪口鄉戶籍登記人口數"
"40778","嘉義縣民雄戶政事務所-新港鄉戶籍登記人口數"
"40779","嘉義縣民雄戶政事務所-大林鎮性別年齡層人口數"
"40780","嘉義縣民雄戶政事務所-溪口鄉性別年齡層人口數"
"40781","嘉義縣民雄戶政事務所-新港鄉性別年齡層人口數"
"40782","嘉義縣民雄戶政事務所-大林鎮原住民人口數"
"40783","嘉義縣民雄戶政事務所-溪口鄉原住民人口數"
"40784","嘉義縣民雄戶政事務所-新港鄉原住民人口數"
"40785","嘉義縣民雄戶政事務所-大林鎮性別、年齡及教育程度統計"
"40786","嘉義縣民雄戶政事務所-溪口鄉性別、年齡及教育程度統計"
"40787","嘉義縣民雄戶政事務所-新港鄉性別、年齡及教育程度統計"
"40792","嘉義縣大林地政事務所-最新消息"
"40793","嘉義縣大林地政事務所-法規新訊"
"40794","嘉義縣大林地政事務所-書狀補給案件公告"
"40795","嘉義縣大林地政事務所-建物第一次登記公告"
"40796","嘉義縣大林地政事務所-土地第一次登記公告"
"40797","嘉義縣大林地政事務所-招標公告"
"40798","嘉義縣大林地政事務所-機關徵才"
"40799","嘉義縣大林地政事務所-youtube影片專區"
"40800","嘉義縣大林地政事務所-活動花絮"
"40801","嘉義縣大林地政事務所-未辦繼承專區"
"40802","嘉義縣大林地政事務所-友善連結"
"40803","嘉義縣大林地政事務所-表單下載"
"40804","嘉義縣大林地政事務所-公告訊息"
"40805","嘉義縣大林地政事務所-政風宣導"
"40808","嘉義縣大林地政事務所-其他表單下載"
"40809","嘉義縣朴子地政事務所-最新消息"
"40810","嘉義縣朴子地政事務所-書狀補給公告"
"40811","嘉義縣朴子地政事務所-土地建物第一次登記公告"
"40812","嘉義縣朴子地政事務所-地籍清理公告"
"40813","嘉義縣朴子地政事務所-逾期未辦繼承公告"
"40814","嘉義縣朴子地政事務所-地價公告"
"40815","嘉義縣朴子地政事務所-其他公告"
"40816","嘉義縣朴子地政事務所-廉政宣導"
"40817","嘉義縣朴子地政事務所-宣導資料"
"40818","嘉義縣朴子地政事務所-招標公告"
"40819","嘉義縣朴子地政事務所-機關徵才"
"40820","嘉義縣朴子地政事務所-Youtube影音"
"40821","嘉義縣朴子地政事務所-活動花絮"
"40822","嘉義縣朴子地政事務所-國土計畫法專區"
"40823","嘉義縣朴子地政事務所-三類謄本新制"
"40824","嘉義縣朴子地政事務所-榮譽榜"
"40825","嘉義縣朴子地政事務所-志工活動花絮"
"40826","嘉義縣朴子地政事務所-友善連結"
"40827","嘉義縣朴子地政事務所-登記類"
"40828","嘉義縣朴子地政事務所-測量類"
"40829","嘉義縣朴子地政事務所-地價類"
"40830","嘉義縣朴子地政事務所-地用類"
"40831","嘉義縣朴子地政事務所-其它類"
"40832","嘉義縣朴子地政事務所-人民申請陳情案件"
"40833","嘉義縣朴子地政事務所-問卷回覆"
"40834","嘉義縣朴子地政事務所-中央法規及地方自治法規"
"40835","嘉義縣朴子地政事務所-解釋性規定及裁量基準"
"40836","嘉義縣朴子地政事務所-行政指導文書"
"40837","嘉義縣朴子地政事務所-施政計畫及業務統計"
"40838","嘉義縣朴子地政事務所-預算與決算書"
"40839","嘉義縣朴子地政事務所-個資保護專區"
"40840","嘉義縣朴子地政事務所-公共工程與採購契約"
"40841","嘉義縣朴子地政事務所-支付或接受補助"
"40842","嘉義縣朴子地政事務所-合議制機關會議紀錄"
"40843","嘉義縣朴子地政事務所-為民服務白皮書"
"40844","嘉義縣朴子地政事務所-綜合表單"
"40846","嘉義縣朴子地政事務所-各類申請書及範例"
"40847","嘉義縣朴子地政事務所-行政規則"
"40848","嘉義縣朴子地政事務所-法規新訊"
"40849","嘉義縣朴子地政事務所-檔案應用"
"40850","嘉義縣朴子地政事務所-未辦繼承"
"40851","嘉義縣朴子地政事務所-祭祀公業"
"40852","嘉義縣朴子地政事務所-測量申請案件申辦須知"
"40853","嘉義縣朴子地政事務所-地籍圖重測"
"40854","嘉義縣朴子地政事務所-實價登錄"
"40855","嘉義縣朴子地政事務所-地價分算"
"40856","嘉義縣朴子地政事務所-地政輿情"
"40857","嘉義縣朴子地政事務所-網網相連"
"40858","嘉義縣朴子地政事務所-人事業務"
"40859","嘉義縣朴子地政事務所-表單下載"
"40860","嘉義縣朴子地政事務所-財產申報"
"40861","嘉義縣朴子地政事務所-預留"
"40862","嘉義縣朴子地政事務所-其他表單"
"40863","嘉義縣朴子戶政事務所-首頁快速連結"
"40864","嘉義縣朴子戶政事務所-常見問答"
"40865","嘉義縣朴子戶政事務所-申辦項目"
"40867","嘉義縣朴子戶政事務所-閱覽申請書"
"40868","嘉義縣朴子戶政事務所-閱覽抄錄複製作業流程"
"40869","嘉義縣朴子戶政事務所-志工園地"
"40870","嘉義縣朴子戶政事務所-志工服務相關法規"
"40871","嘉義縣朴子戶政事務所-活動花絮"
"40872","嘉義縣朴子戶政事務所-中央法規及地方自治法規"
"40873","嘉義縣朴子戶政事務所-解釋性規定及裁量基準"
"40874","嘉義縣朴子戶政事務所-施政計劃與業務統計"
"40875","嘉義縣朴子戶政事務所-行政指導文書"
"40876","嘉義縣朴子戶政事務所-預算及決算書"
"40877","嘉義縣朴子戶政事務所-公共工程及採購契約"
"40878","嘉義縣朴子戶政事務所-請願處理及訴願決定"
"40879","嘉義縣朴子戶政事務所-支付或接受補助"
"40880","嘉義縣朴子戶政事務所-合議制機關會議紀錄"
"40881","嘉義縣朴子戶政事務所-最新消息"
"40882","嘉義縣朴子戶政事務所-影片專區"
"40883","嘉義縣朴子戶政事務所-戶政事務所"
"40884","嘉義縣朴子戶政事務所-縣鄉鎮市公所"
"40885","嘉義縣朴子戶政事務所-嘉義縣政府所屬機關"
"40886","嘉義縣朴子戶政事務所-嘉義縣學校相關"
"40888","嘉義縣朴子戶政事務所-布袋鎮村里鄰人口數"
"40889","嘉義縣朴子戶政事務所-六腳鄉村里鄰人口數"
"40890","嘉義縣朴子戶政事務所-東石鄉村里鄰人口數"
"40891","嘉義縣朴子戶政事務所-義竹鄉村里鄰人口數"
"40892","嘉義縣朴子戶政事務所-布袋鎮戶籍登記人口數"
"40893","嘉義縣朴子戶政事務所-六腳鄉戶籍登記人口數"
"40894","嘉義縣朴子戶政事務所-東石鄉戶籍登記人口數"
"40895","嘉義縣朴子戶政事務所-義竹鄉戶籍登記人口數"
"40896","嘉義縣朴子戶政事務所-布袋鎮性別年齡層人口數"
"40897","嘉義縣朴子戶政事務所-六腳鄉性別年齡層人口數"
"40898","嘉義縣朴子戶政事務所-東石鄉性別年齡層人口數"
"40899","嘉義縣朴子戶政事務所-義竹鄉性別年齡層人口數"
"40900","嘉義縣朴子戶政事務所-布袋鎮原住民人口數"
"40901","嘉義縣朴子戶政事務所-六腳鄉原住民人口數"
"40902","嘉義縣朴子戶政事務所-東石鄉原住民人口數"
"40903","嘉義縣朴子戶政事務所-義竹鄉原住民人口數"
"40904","嘉義縣朴子戶政事務所-布袋鎮性別、年齡及教育程度統計"
"40905","嘉義縣朴子戶政事務所-六腳鄉性別、年齡及教育程度統計"
"40906","嘉義縣朴子戶政事務所-東石鄉性別、年齡及教育程度統計"
"40907","嘉義縣朴子戶政事務所-義竹鄉性別、年齡及教育程度統計"
"40908","嘉義縣朴子戶政事務所-朴子市村里鄰人口數"
"40909","嘉義縣朴子戶政事務所-朴子市戶籍登記人口數"
"40910","嘉義縣朴子戶政事務所-朴子市性別年齡層人口數"
"40911","嘉義縣朴子戶政事務所-朴子市原住民人口數"
"40912","嘉義縣朴子戶政事務所-朴子市性別、年齡及教育程度統計"
"40914","嘉義縣竹崎戶政事務所-常見問答"
"40917","嘉義縣竹崎戶政事務所-表單下載"
"40918","嘉義縣竹崎戶政事務所-民國93年後戶籍登記人口數"
"40919","嘉義縣竹崎戶政事務所-志工服務"
"40920","嘉義縣竹崎戶政事務所-志工服務相關法規"
"40921","嘉義縣竹崎戶政事務所-活動花絮"
"40922","嘉義縣竹崎戶政事務所-案例分享"
"40923","嘉義縣竹崎戶政事務所-法令宣導"
"40924","嘉義縣竹崎戶政事務所-中央法規及地方自治法規"
"40925","嘉義縣竹崎戶政事務所-解釋性規定及裁量基準"
"40926","嘉義縣竹崎戶政事務所-組織職掌與聯絡"
"40927","嘉義縣竹崎戶政事務所-施政計劃與業務統計"
"40928","嘉義縣竹崎戶政事務所-行政指導文書"
"40929","嘉義縣竹崎戶政事務所-預算及決算書"
"40930","嘉義縣竹崎戶政事務所-公共工程及採購契約"
"40931","嘉義縣竹崎戶政事務所-請願處理及訴願決定"
"40932","嘉義縣竹崎戶政事務所-支付或接受補助"
"40933","嘉義縣竹崎戶政事務所-合議制機關會議紀錄"
"40934","嘉義縣竹崎戶政事務所-戶政事務所"
"40935","嘉義縣竹崎戶政事務所-鄉鎮市公所"
"40936","嘉義縣竹崎戶政事務所-所屬機關"
"40937","嘉義縣竹崎戶政事務所-嘉義縣學校相關"
"40938","嘉義縣竹崎戶政事務所-網站連結"
"40939","嘉義縣竹崎戶政事務所-最新消息"
"40940","嘉義縣竹崎戶政事務所-影片專區"
"40941","嘉義縣竹崎戶政事務所-本所公告"
"40942","嘉義縣竹崎戶政事務所-檔案應用申請書及範例"
"40943","嘉義縣竹崎戶政事務所-檔案應用申請作業流程"
"40944","嘉義縣竹崎戶政事務所-檔案相關網站"
"40945","嘉義縣竹崎戶政事務所-首頁快捷服務"
"40946","嘉義縣竹崎戶政事務所-首頁友站連結"
"40947","嘉義縣竹崎戶政事務所-竹崎鄉村里鄰人口數"
"40948","嘉義縣竹崎戶政事務所-梅山鄉村里鄰人口數"
"40949","嘉義縣竹崎戶政事務所-番路鄉村里鄰人口數"
"40950","嘉義縣竹崎戶政事務所-大埔鄉村里鄰人口數"
"40951","嘉義縣竹崎戶政事務所-阿里山鄉村里鄰人口數"
"40952","嘉義縣竹崎戶政事務所-竹崎鄉戶籍登記人口數"
"40953","嘉義縣竹崎戶政事務所-梅山鄉戶籍登記人口數"
"40954","嘉義縣竹崎戶政事務所-番路鄉戶籍登記人口數"
"40955","嘉義縣竹崎戶政事務所-大埔鄉戶籍登記人口數"
"40956","嘉義縣竹崎戶政事務所-阿里山鄉戶籍登記人口數"
"40957","嘉義縣竹崎戶政事務所-竹崎鄉性別年齡層人口數"
"40958","嘉義縣竹崎戶政事務所-梅山鄉性別年齡層人口數"
"40959","嘉義縣竹崎戶政事務所-番路鄉性別年齡層人口數"
"40960","嘉義縣竹崎戶政事務所-大埔鄉性別年齡層人口數"
"40961","嘉義縣竹崎戶政事務所-阿里山鄉性別年齡層人口數"
"40962","嘉義縣竹崎戶政事務所-梅山鄉原住民人口數"
"40963","嘉義縣竹崎戶政事務所-番路鄉原住民人口數"
"40964","嘉義縣竹崎戶政事務所-大埔鄉原住民人口數"
"40965","嘉義縣竹崎戶政事務所-阿里山鄉原住民人口數"
"40966","嘉義縣竹崎戶政事務所-竹崎鄉性別、年齡及教育程度統計"
"40967","嘉義縣竹崎戶政事務所-梅山鄉性別、年齡及教育程度統計"
"40968","嘉義縣竹崎戶政事務所-番路鄉性別、年齡及教育程度統計"
"40969","嘉義縣竹崎戶政事務所-大埔鄉性別、年齡及教育程度統計"
"40970","嘉義縣竹崎戶政事務所-阿里山鄉性別、年齡及教育程度統計"
"40971","嘉義縣竹崎戶政事務所-竹崎鄉原住民人口數"
"40978","嘉義縣水上戶政事務所-常見問答"
"40979","嘉義縣水上戶政事務所-申辦項目"
"40980","嘉義縣水上戶政事務所-閱覽申請書"
"40981","嘉義縣水上戶政事務所-閱覽抄錄複製作業流程"
"40982","嘉義縣水上戶政事務所-志工園地"
"40983","嘉義縣水上戶政事務所-志工服務相關法規"
"40984","嘉義縣水上戶政事務所-活動花絮"
"40985","嘉義縣水上戶政事務所-中央法規及地方自治法規"
"40986","嘉義縣水上戶政事務所-解釋性規定及裁量基準"
"40987","嘉義縣水上戶政事務所-組織職掌與聯絡"
"40988","嘉義縣水上戶政事務所-施政計畫與業務統計"
"40989","嘉義縣水上戶政事務所-行政指導文書"
"40990","嘉義縣水上戶政事務所-決算書"
"40991","嘉義縣水上戶政事務所-請願處理及訴願決定"
"40992","嘉義縣水上戶政事務所-支付或接受補助"
"40993","嘉義縣水上戶政事務所-合議製機關會議紀錄"
"40994","嘉義縣水上戶政事務所-最新消息"
"40995","嘉義縣水上戶政事務所-活動訊息"
"40996","嘉義縣水上戶政事務所-戶政事務所"
"40997","嘉義縣水上戶政事務所-鄉鎮市公所"
"40998","嘉義縣水上戶政事務所-所屬機關"
"40999","嘉義縣水上戶政事務所-嘉義縣學校相關"
"41001","嘉義縣水上戶政事務所-案例分享"
"41002","嘉義縣水上戶政事務所-水上鄉村里鄰人口數"
"41003","嘉義縣水上戶政事務所-太保市村里鄰人口數"
"41004","嘉義縣水上戶政事務所-鹿草鄉村里鄰人口數"
"41005","嘉義縣水上戶政事務所-中埔鄉村里鄰人口數"
"41006","嘉義縣水上戶政事務所-水上鄉戶籍登記人口數"
"41007","嘉義縣水上戶政事務所-太保市戶籍登記人口數"
"41008","嘉義縣水上戶政事務所-鹿草鄉戶籍登記人口數"
"41009","嘉義縣水上戶政事務所-中埔鄉戶籍登記人口數"
"41010","嘉義縣水上戶政事務所-水上鄉性別年齡層人口數"
"41011","嘉義縣水上戶政事務所-太保市性別年齡層人口數"
"41012","嘉義縣水上戶政事務所-鹿草鄉性別年齡層人口數"
"41013","嘉義縣水上戶政事務所-中埔鄉性別年齡層人口數"
"41014","嘉義縣水上戶政事務所-水上鄉原住民人口數"
"41015","嘉義縣水上戶政事務所-太保市原住民人口數"
"41016","嘉義縣水上戶政事務所-鹿草鄉原住民人口數"
"41017","嘉義縣水上戶政事務所-中埔鄉原住民人口數"
"41018","嘉義縣水上戶政事務所-水上鄉性別、年齡及教育程度統計"
"41019","嘉義縣水上戶政事務所-太保市性別、年齡及教育程度統計"
"41020","嘉義縣水上戶政事務所-鹿草鄉性別、年齡及教育程度統計"
"41021","嘉義縣水上戶政事務所-中埔鄉性別、年齡及教育程度統計"
"41026","臺鐵旅客性別結構分析"
"41039","新竹市每月水療池(浴室)水質檢驗情形"
"41040","新竹市水質複查情形"
"41041","兌換商家清冊"
"41050","提供資料包含：識別碼、曾授權技術項目、契約年限、授權金(未稅)、授權方式3等欄位資料。"
"41071","新竹市古蹟公告及位置"
"41072","新竹市歷史建築公告.位置"
"41073","呷熊飽餐券使用商店"
"41074","新竹市早安飽貝餐食服務"
"41135","補助款季報表"
"41166","提供桃園市民眾各項業務常見問答"
"45019","本市開業地政士進行業務檢查紀錄資料-淡水區"
"45020","本市開業地政士進行業務檢查紀錄資料-蘆洲區"
"45021","本市開業地政士進行業務檢查紀錄資料-萬里區"
"45022","本市開業地政士進行業務檢查紀錄資料-金山區"
"45023","本市開業地政士進行業務檢查紀錄資料-樹林區"
"45058","新竹縣最近5年房屋稅綜合統計表"
"45066","交通及通訊:係指各種陸海空交通運輸、傳播通訊等相關資料集"
"45069","客座利用率"
"45093","106年5月5日起之法拍屋不動產待拍公告資料，包含標的位置、面積、總價等資訊。(資料更正部分放置於下一週上傳之資料集內)"
"45094","106年5月5日起之法拍屋不動產拍定公告資訊，包含標的位置、面積、總價等資訊。(資料更正部分放置於下個月上傳之資料集內)"
"45097","以本巿轄區內必需課徵契稅之各種不動產買賣或移轉契約書及契價為統計對象,明瞭契稅徵收情形，作為稅源分析與徵績報告之參考。"
"45104","列管毒性化學物質已取得許可業者查核家次，統計項包括製造、輸入、販賣、使用、貯存、運送及廢棄等7項，類別為22縣市，單位為家次。"
"45107","廢棄物稽查次數，統計項包括一般廢棄物、事業廢棄物、廢棄物清除處理機構、回收資源及其他等4項，類別為22縣市，單位為次。"
"45119","上櫃權證收盤行情日報表(櫃買中心)"
"45120","上櫃權證收盤行情月報表(櫃買中心)"
"45121","上櫃權證發行基本資料(櫃買中心)"
"45131","全省各地即時天氣資料"
"45132","提供水利署科學技術類委辦計畫之基本資料供參考"
"45133","環境影響評估個案監督次數，類別為本署+22縣市，單位為次。"
"45134","水污染稽查次數，統計項包括事業廢水[畜牧業(一)除外]、畜牧業(一)廢水、工業區專用污水下水道系統、公共及社區下水道系統及其他等5項，類別為22縣市，單位為次。"
"45135","水污染罰鍰次數，統計項包括事業廢水[畜牧業(一)除外]、畜牧業(一)廢水、工業區專用污水下水道系統、公共及社區下水道系統及其他等5項，類別為22縣市，單位為次。"
"45136","水污染實收罰鍰，統計項包括事業廢水[畜牧業(一)除外]、畜牧業(一)廢水、工業區專用污水下水道系統、公共及社區下水道系統及其他等5項，類別為22縣市，單位為千元。"
"45137","廢棄物罰鍰次數，統計項包括一般廢棄物、事業廢棄物、廢棄物清除處理機構、回收資源及其他等4項，類別為22縣市，單位為次。"
"45138","廢棄物實收罰鍰，統計項包括一般廢棄物、事業廢棄物、廢棄物清除處理機構、回收資源及其他等4項，類別為22縣市，單位為千元。"
"45139","垃圾回收清除車輛數，統計項包括子母式垃圾車、密封式垃圾車、資源(含廚餘)回收垃圾車、其他框式垃圾車、水肥車、清溝(溝泥)車、掃(洗)街車等7項，類別為22縣市，單位為輛。"
"45140","垃圾處理場(廠)座數，統計項包括焚化廠、衛生掩埋場、堆肥場、堆置場等4項，類別為22縣市，單位為座。"
"45141","公民營廢棄物清除機構數，統計項包括甲級、乙級及丙級等3項，類別為22縣市，單位為家。"
"45142","公民營廢棄物處理機構數，統計項包括甲級及乙級等2項，類別為22縣市，單位為家。"
"45143","列管公廁個數，統計項包括男、女及不分男女等3項，類別為22縣市，單位為個。"
"45144","環境用藥查核次(件)數，統計項包括製造業、販賣業、病媒防治業、環境用藥廣告、特殊環境用藥施藥、環境用藥標示、查獲劣質環境用藥及查獲偽造、禁用環境用藥，前3項單位為家次，後5項單位為件。"
"45145","空氣污染稽查次數，統計項包括營建工程、其他固定污染源及移動污染源等3項，類別為22縣市，單位為次。"
"45146","空氣污染罰鍰次數，統計項包括營建工程、其他固定污染源及移動污染源等3項，類別為22縣市，單位為次。"
"45147","空氣污染實收罰鍰，統計項包括營建工程、其他固定污染源及移動污染源等3項，類別為22縣市，單位為千元。"
"45148","噪音稽查次數，類別為22縣市，單位為次。"
"45149","噪音罰鍰次數，類別為22縣市，單位為次。"
"45150","噪音實收罰鍰，類別為22縣市，單位為千元。"
"45151","環保人員數，統計項包括特任、比照簡任、簡任10職等以上、薦任6-9職等、委任1-5職等、雇員、約聘(僱)、工員及駐衛警察等8項，類別為本署+22縣市，單位為人。"
"45152","公私場所固定污染源指定物種之申報資料for化學雲"
"45153","0800資源回收免費服務專線-專人處理一般件問題查詢廢電子電器統計"
"45154","0800資源回收免費服務專線-專人處理一般件問題查詢廢機動車輛統計"
"45155","0800資源回收免費服務專線-專人處理一般件問題查詢廢容器統計"
"45156","0800資源回收免費服務專線-專人處理一般件問題查詢廢資訊物品統計"
"45157","0800資源回收免費服務專線-專人處理一般件問題查詢廢乾電池、照明光源統計"
"45158","0800資源回收免費服務專線-專人處理一般件問題查詢非公告應回收廢棄物類統計"
"45159","0800資源回收免費服務專線-專人處理一般件問題查詢活動統計"
"45160","0800資源回收免費服務專線-專人處理一般件問題查詢非業務範圍統計"
"45161","0800資源回收免費服務專線-專人處理一般件問題查詢事業廢棄物統計"
"45162","0800資源回收免費服務專線-整體話務達成狀況統計"
"45163","0800資源回收免費服務專線-民眾通報路邊廢車統計表"
"45164","0800資源回收免費服務專線-專人處理一般件問題查詢廢輪胎、鉛蓄電池統計"
"45165","固定污染源空氣污染防制費收費金額統計"
"45166","廢棄物焚化爐重金屬(鉛、鎘、汞)排放濃度定期檢測結果"
"45170","發佈警戒土石流潛勢溪流基本資料"
"45171","歷年水源保育與回饋費徵收金額以及經費分配運用狀況"
"45172","地方主管機關查報之違規採取土石案件區位資料"
"45173","自來水供水普及率"
"45174","管制事業、下水道系統查核、處分資料"
"45175","年報，次年4月底前上載；統計海水淡化廠之設計出水量、用水標的、淡化技術、完工時間、營運管理單位、投資金額"
"45178","臺灣各鄉鎮市區未來2天(逐3小時)及未來1週天氣預報"
"45204","環境影響說明書完成審查件數，統計項包括通過審查、有條件通過審查、應繼續進行第二階段評估、認定不應開發及其他處置等5項，類別為本署+22縣市，單位為件。"
"45224","臺灣農田水利會渠道圖(WMS)"
"45230","提供"
"45238","不合格場所清冊（消防設備）"
"45285","新竹縣最近5年契稅綜合統計表"
"45286","地價稅101年至105年稅源統計表"
"45287","新竹縣累進起點地價及稅率級距表"
"45294","提供各醫院「護病比明細」資料，供民眾查閱。"
"45295","106年4月新竹縣各項稅捐實徵淨額與預算數及上年同期比較-累計數"
"45296","新竹縣政府稅捐稽徵局編制內職員性別統計表(截至106.6.30)"
"45297","新竹縣政府稅捐稽徵局主管人員性別統計表(截至106.6.30)"
"45298","新竹縣政府稅捐稽徵局委員會性別比例一覽表(106年6月)"
"45299","新竹縣政府稅捐稽徵局職員(含聘僱)學歷性別統計表(截至106.6.30)"
"45300","新竹縣政府稅捐稽徵局職員(含聘僱)年齡性別統計表(截至106.6.30)"
"45301","本項資料係配合市府官網改版作業所調整，用以取代平台上既有之「新北市政府活動訊息」資料項目，並增加附件下載，且不包含html語法，詳情請參考最新消息及說明檔案。"
"45348","原住民保留地權利回復成果"
"45362","創業者創業過程會遇到的問題內容。"
"45363","包含板橋、新莊、三重、永和、中和、新店、土城、海山、蘆洲、樹林、鶯歌、三峽、汐止、林口、淡水、八里等地區路邊收費停車場收費路段資訊-淡水區機車收費"
"45364","包含板橋、新莊、三重、永和、中和、新店、土城、海山、蘆洲、樹林、鶯歌、三峽、汐止、林口、淡水、八里等地區路邊收費停車場收費路段資訊-板橋區機車收費"
"45372","本項資料係配合市府官網改版作業所調整，用以取代平台上既有之「新北市政府市府資訊」資料項目，並增加附件下載功能，且移除了html語法，詳情請參考最新消息及說明檔案。"
"45376","裁判年月為102年1月之司法院各級法院裁判書，本資料檔收錄範圍與司法院網站之裁判書查詢系統(http://jirs.judicial.gov.tw/FJUD/)所收納之各級法院裁判書資料之範圍及內容相同"
"45377","裁判年月為102年2月之司法院各級法院裁判書，本資料檔收錄範圍與司法院網站之裁判書查詢系統(http://jirs.judicial.gov.tw/FJUD/)所收納之各級法院裁判書資料之範圍及內容相同"
"45378","裁判年月為102年3月之司法院各級法院裁判書，本資料檔收錄範圍與司法院網站之裁判書查詢系統(http://jirs.judicial.gov.tw/FJUD/)所收納之各級法院裁判書資料之範圍及內容相同"
"45379","裁判年月為102年4月之司法院各級法院裁判書，本資料檔收錄範圍與司法院網站之裁判書查詢系統(http://jirs.judicial.gov.tw/FJUD/)所收納之各級法院裁判書資料之範圍及內容相同"
"45380","裁判年月為102年5月之司法院各級法院裁判書，本資料檔收錄範圍與司法院網站之裁判書查詢系統(http://jirs.judicial.gov.tw/FJUD/)所收納之各級法院裁判書資料之範圍及內容相同"
"45381","裁判年月為102年6月之司法院各級法院裁判書，本資料檔收錄範圍與司法院網站之裁判書查詢系統(http://jirs.judicial.gov.tw/FJUD/)所收納之各級法院裁判書資料之範圍及內容相同"
"45382","裁判年月為102年7月之司法院各級法院裁判書，本資料檔收錄範圍與司法院網站之裁判書查詢系統(http://jirs.judicial.gov.tw/FJUD/)所收納之各級法院裁判書資料之範圍及內容相同"
"45383","裁判年月為102年8月之司法院各級法院裁判書，本資料檔收錄範圍與司法院網站之裁判書查詢系統(http://jirs.judicial.gov.tw/FJUD/)所收納之各級法院裁判書資料之範圍及內容相同"
"45384","裁判年月為102年9月之司法院各級法院裁判書，本資料檔收錄範圍與司法院網站之裁判書查詢系統(http://jirs.judicial.gov.tw/FJUD/)所收納之各級法院裁判書資料之範圍及內容相同"
"45385","裁判年月為102年10月之司法院各級法院裁判書，本資料檔收錄範圍與司法院網站之裁判書查詢系統(http://jirs.judicial.gov.tw/FJUD/)所收納之各級法院裁判書資料之範圍及內容相同"
"45386","裁判年月為102年11月之司法院各級法院裁判書，本資料檔收錄範圍與司法院網站之裁判書查詢系統(http://jirs.judicial.gov.tw/FJUD/)所收納之各級法院裁判書資料之範圍及內容相同"
"45387","裁判年月為102年12月之司法院各級法院裁判書，本資料檔收錄範圍與司法院網站之裁判書查詢系統(http://jirs.judicial.gov.tw/FJUD/)所收納之各級法院裁判書資料之範圍及內容相同"
"45388","裁判年月為106年2月之司法院各級法院裁判書，本資料檔收錄範圍與司法院網站之裁判書查詢系統(http://jirs.judicial.gov.tw/FJUD/)所收納之各級法院裁判書資料之範圍及內容相同"
"45391","新北市各行政區路邊停車場身心障礙停車格"
"45392","新北市各行政區路邊停車場身心障礙停車格-三峽區"
"45393","新北市各行政區路邊停車場身心障礙停車格-新莊區"
"45394","新北市各行政區路邊停車場身心障礙停車格-樹林區"
"45395","新北市各行政區路邊停車場身心障礙停車格-深坑區"
"45396","新北市各行政區路邊停車場身心障礙停車格-永和區"
"45397","新北市各行政區路邊停車場身心障礙停車格-淡水區"
"45398","新北市各行政區路邊停車場身心障礙停車格-林口區"
"45399","新北市各行政區路邊停車場身心障礙停車格-鶯歌區"
"45400","新北市各行政區路邊停車場身心障礙停車格-金山區"
"45401","新北市各行政區路邊停車場身心障礙停車格-泰山區"
"45402","新北市各行政區路邊停車場身心障礙停車格-五股區"
"45403","新北市各行政區路邊停車場身心障礙停車格-新店區"
"45404","新北市各行政區路邊停車場身心障礙停車格-三重區"
"45405","新北市各行政區路邊停車場身心障礙停車格-蘆洲區"
"45406","新北市各行政區路邊停車場身心障礙停車格-土城區"
"45407","新北市各行政區路邊停車場身心障礙停車格-中和區"
"45408","新北市各行政區路邊停車場身心障礙停車格-八里區"
"45409","新北市各行政區路邊停車場身心障礙停車格-板橋區"
"45454","社區治安工作績效統計表─新北市"
"45456","提供新北市易發生婦幼被害犯罪地點資料。"
"45458","新竹縣土地增值稅最近五年稅源統計表"
"45494","稅捐稽徵處年度稅收成果、稅源分析、行政組織及稅捐稽徵經費等資料彙整，並將最近10年各項統計數字予以併列，提供使用者參考。"
"45501","本資料集主要係彙整台灣地區現有公告之水庫，包含水庫名稱、水情時間、本日集水區累積降雨量、進流量、水位、滿水位、有效蓄水量、蓄水百分比、水庫出流量、防洪運轉狀態等資料。本資料集來源係由水利署水利防災中心之災害緊急應變系統產出；由各水庫管理單位依水庫為自記儀器每小時自動產生或人工每日觀測一次，負責轉入或登錄（若遇颱風豪雨期間涉及防汛重點之水庫，需登錄每小時之累積降雨量、進流量、水位、滿水位、有效蓄水量、蓄水百分比、水庫出流量、防洪運轉狀態等資料）至水利署之系統內。本資料庫管理系統所提供之資料，主要為提供給關心台灣地區水庫水情之各界，了解目前水庫最新之水情變化，作為旅遊、經濟建設分析、學術研究、防災防汛及水源調配…等之依據。"
"45502","為落實「受益者付費、受限者得償」的原則，民國93年6月30日總統公布之「自來水法部分條文修正案」規定，於自來水水質水量保護區內取用地面水或地下水者，應繳交水源保育與回饋費，並於95年1月1日起開徵。水源保育與回饋費專供水質水量保護區內使用，並依自來水法第12條之2第3項辦理水資源保育與環境生態保育基礎設施、居民公共福利回饋、受限土地補償及居民公益及水資源教育、研究與保育事項之用，本資料集係彙整歷年各自來水水質水量保護區水源保育與回饋費徵收金額以及相關執行單位(縣市政府、鄉鎮市區公所)經費分配及運用狀況。"
"45503","經濟部水利署歷年推動並鼓勵消費者選用省水產品，除落實全民節水外，並可促進業界投入研發省水器材，藉以擴大省水標長產品之種類與範疇，自民國87年1月13日頒訂「省水標章作業要點」，全力推動省水標章制度，目前已開放11項省水器材項目。經過歷年推動成果，已於105年5月4日修正之自來水法，增訂第95條之1規定「法人、團體、個人於國內銷售中央主管機關指定之用水設備、衛生設備或其他設備之產品，該產品應具省水標章」，目前已於年月日公告「省水標章管理辦法」，另未來中央主管機關將逐步公告應具省水標章之產品，除提升廠商研發省水標章產品能力外，亦保障消費者選購合格省水器材，即能在不影響原用水習慣下，達到節約用水之目的。\r\n省水標章圖樣（Logo）意義\r\n一、箭頭向上，代表將中心的水滴接起，強調回歸再利用，提高用水效率。\r\n二、右邊三條水帶，代表「愛水、親水、節水」，藉以鼓勵民眾愛護水資源，親近河川、湖泊、水庫，並共同推動節約用水。\r\n三、藍色代表水質純淨清徹，得之不易，務當珍惜。\r\n四、整體而言，水資源如不虞匱乏，大家皆歡喜，故水滴笑臉迎人。"
"45504","節水快報可由節約用水資訊網獲得最新的訊息，除此之外，相關舉辦的節水教育活動、節水教育宣導、節水教育課程、節水教育研討會等等，均能經由節約用水資訊網公告欄獲得最新的訊息。經濟部水利署對節約用水宣導及教育部不遺餘力，對節約用水的教育投入大量人力物力，多年來已獲致傲人成果，將平均每人每日用水量由1996年297公升降至2002年280公升。國內的節水教育主要分三大方向，即節水意識的提升、節水觀念的紮根及效率用水的推廣，由淺入深逐步推展開來，經由三大工作重點方向努力推動。希望可以藉由提供節水訊息，以此提升整體國民之節水教育。"
"45505","中部地區水資源管理最新消息，目前提供鯉魚潭水庫、石岡壩、集集攔河堰、湖山水庫、大安大甲溪水源聯合運用輸水工程計畫、烏溪鳥嘴潭人工湖工程計畫及大金海淡擴建工程之最新訊息，資料項目將會機動調整，以提供最新最完整之內容予社會大眾。本訊息由經濟部水利署中區水資源局提供。本局位於烏溪水系大里溪支流草湖溪左岸，左臨水利署水利規劃試驗所,右接水利署第三河川局,行政區屬台中市霧峰區。主管台灣中部地區水資源工程規劃、設計、施工，與所轄鯉魚潭水庫、石岡壩、集集攔河堰及湖山水庫之營運管理及區域水資源調配。轄區範圍北以中港溪為界，南至北港溪止，包括後龍溪、大安溪、大甲溪、烏溪、濁水溪等流域，行政區分屬苗栗縣、台中市、南投縣、彰化縣及雲林縣。希望能藉由提供資訊給民眾,以此讓大眾更加了解中部地區的水資源應用狀況。"
"45577","勞保局服務電話"
"45585","裁判年月為101年1月之司法院各級法院裁判書，本資料檔收錄範圍與司法院網站之裁判書查詢系統(http://jirs.judicial.gov.tw/FJUD/)所收納之各級法院裁判書資料之範圍及內容相同"
"45586","裁判年月為101年2月之司法院各級法院裁判書，本資料檔收錄範圍與司法院網站之裁判書查詢系統(http://jirs.judicial.gov.tw/FJUD/)所收納之各級法院裁判書資料之範圍及內容相同"
"45587","裁判年月為101年3月之司法院各級法院裁判書，本資料檔收錄範圍與司法院網站之裁判書查詢系統(http://jirs.judicial.gov.tw/FJUD/)所收納之各級法院裁判書資料之範圍及內容相同"
"45588","裁判年月為101年4月之司法院各級法院裁判書，本資料檔收錄範圍與司法院網站之裁判書查詢系統(http://jirs.judicial.gov.tw/FJUD/)所收納之各級法院裁判書資料之範圍及內容相同"
"45589","裁判年月為101年5月之司法院各級法院裁判書，本資料檔收錄範圍與司法院網站之裁判書查詢系統(http://jirs.judicial.gov.tw/FJUD/)所收納之各級法院裁判書資料之範圍及內容相同"
"45590","裁判年月為101年6月之司法院各級法院裁判書，本資料檔收錄範圍與司法院網站之裁判書查詢系統(http://jirs.judicial.gov.tw/FJUD/)所收納之各級法院裁判書資料之範圍及內容相同"
"45591","裁判年月為101年7月之司法院各級法院裁判書，本資料檔收錄範圍與司法院網站之裁判書查詢系統(http://jirs.judicial.gov.tw/FJUD/)所收納之各級法院裁判書資料之範圍及內容相同"
"45592","裁判年月為101年8月之司法院各級法院裁判書，本資料檔收錄範圍與司法院網站之裁判書查詢系統(http://jirs.judicial.gov.tw/FJUD/)所收納之各級法院裁判書資料之範圍及內容相同"
"45593","裁判年月為101年9月之司法院各級法院裁判書，本資料檔收錄範圍與司法院網站之裁判書查詢系統(http://jirs.judicial.gov.tw/FJUD/)所收納之各級法院裁判書資料之範圍及內容相同"
"45594","裁判年月為101年10月之司法院各級法院裁判書，本資料檔收錄範圍與司法院網站之裁判書查詢系統(http://jirs.judicial.gov.tw/FJUD/)所收納之各級法院裁判書資料之範圍及內容相同"
"45595","裁判年月為101年11月之司法院各級法院裁判書，本資料檔收錄範圍與司法院網站之裁判書查詢系統(http://jirs.judicial.gov.tw/FJUD/)所收納之各級法院裁判書資料之範圍及內容相同"
"45596","裁判年月為101年12月之司法院各級法院裁判書，本資料檔收錄範圍與司法院網站之裁判書查詢系統(http://jirs.judicial.gov.tw/FJUD/)所收納之各級法院裁判書資料之範圍及內容相同"
"45598","1.104年度新北市附屬單位預算作業基金收支餘絀綜計表(依收支科目分列)(預算案)\r\n\r\n2.單位：新臺幣千元\r\n\r\n3.各項欄位說明詳參\"
"45628","裁判年月為106年3月之司法院各級法院裁判書，本資料檔收錄範圍與司法院網站之裁判書查詢系統(http://jirs.judicial.gov.tw/FJUD/)所收納之各級法院裁判書資料之範圍及內容相同(務必配合『司法院各級法院裁判書-應刪除裁判書資訊』資料集使用)"
"45677","宜蘭縣IOC示範平台所展示之環境盒子相關環境資訊。"
"45678","1.104年度新北市附屬單位預算資本計畫基金來源、用途及餘絀綜計表(預算案)\r\n\r\n2.單位：新臺幣千元\r\n\r\n3.各項欄位說明詳參\"
"45679","各區域產業類別家數"
"45680","各行業別現有家數"
"45681","各區域行業別家數"
"45702","新北市公車業者名稱電話等資料。"
"45703","新北市公車路線清單。"
"45704","新北市各公車站位、行經各站位路線資訊。"
"45705","有關公車業者、站牌及路線清單，可參考說明檔案，有提供各資料欄位清單及代碼，方便識別。另此3項資料亦已開放，可於平台上查詢使用。"
"45713","提供資料包含：家禽屠宰衛生檢查標誌之流水編號、檢核碼與來源屠宰場編號等資料介接。"
"45734","上櫃牛熊證收盤行情(不含展延型牛熊證)日報表(櫃買中心)"
"45735","上櫃牛熊證收盤行情(不含展延型牛熊證)月報表(櫃買中心)"
"45736","上櫃牛熊證發行基本資料(不含展延型牛熊證)(櫃買中心)"
"45737","1.104年度新北市附屬單位預算作業基金餘絀撥補綜計表(依基金別分列)(預算案)\r\n\r\n2.單位：新臺幣千元\r\n\r\n3.各項欄位說明詳參\"
"45739","1.104年度新北市附屬單位預算作業基金餘絀撥補綜計表(依撥補項目分列)(預算案)\r\n\r\n2.單位：新臺幣千元\r\n\r\n3.各項欄位說明詳參\"
"45740","1.104年度新北市附屬單位預算作業基金收支餘絀綜計表(依基金別分列)(預算案)\r\n\r\n2.單位：新臺幣千元\r\n\r\n3.各項欄位說明詳參\"
"45748","依照勞工保險條例第54條之1第1項訂定各失能等級規定之給付日數。"
"45752","106年4月份縣統籌分配稅款累計表"
"45784","裁判年月為100年12月之司法院各級法院裁判書，本資料檔收錄範圍與司法院網站之裁判書查詢系統(http://jirs.judicial.gov.tw/FJUD/)所收納之各級法院裁判書資料之範圍及內容相同"
"45785","裁判年月為100年11月之司法院各級法院裁判書，本資料檔收錄範圍與司法院網站之裁判書查詢系統(http://jirs.judicial.gov.tw/FJUD/)所收納之各級法院裁判書資料之範圍及內容相同"
"45786","裁判年月為100年10月之司法院各級法院裁判書，本資料檔收錄範圍與司法院網站之裁判書查詢系統(http://jirs.judicial.gov.tw/FJUD/)所收納之各級法院裁判書資料之範圍及內容相同"
"45787","裁判年月為100年9月之司法院各級法院裁判書，本資料檔收錄範圍與司法院網站之裁判書查詢系統(http://jirs.judicial.gov.tw/FJUD/)所收納之各級法院裁判書資料之範圍及內容相同"
"45788","裁判年月為100年8月之司法院各級法院裁判書，本資料檔收錄範圍與司法院網站之裁判書查詢系統(http://jirs.judicial.gov.tw/FJUD/)所收納之各級法院裁判書資料之範圍及內容相同"
"45789","裁判年月為100年7月之司法院各級法院裁判書，本資料檔收錄範圍與司法院網站之裁判書查詢系統(http://jirs.judicial.gov.tw/FJUD/)所收納之各級法院裁判書資料之範圍及內容相同"
"45790","裁判年月為100年6月之司法院各級法院裁判書，本資料檔收錄範圍與司法院網站之裁判書查詢系統(http://jirs.judicial.gov.tw/FJUD/)所收納之各級法院裁判書資料之範圍及內容相同"
"45791","裁判年月為100年5月之司法院各級法院裁判書，本資料檔收錄範圍與司法院網站之裁判書查詢系統(http://jirs.judicial.gov.tw/FJUD/)所收納之各級法院裁判書資料之範圍及內容相同"
"45792","裁判年月為100年4月之司法院各級法院裁判書，本資料檔收錄範圍與司法院網站之裁判書查詢系統(http://jirs.judicial.gov.tw/FJUD/)所收納之各級法院裁判書資料之範圍及內容相同"
"45793","裁判年月為100年3月之司法院各級法院裁判書，本資料檔收錄範圍與司法院網站之裁判書查詢系統(http://jirs.judicial.gov.tw/FJUD/)所收納之各級法院裁判書資料之範圍及內容相同"
"45794","裁判年月為100年2月之司法院各級法院裁判書，本資料檔收錄範圍與司法院網站之裁判書查詢系統(http://jirs.judicial.gov.tw/FJUD/)所收納之各級法院裁判書資料之範圍及內容相同"
"45795","裁判年月為100年1月之司法院各級法院裁判書，本資料檔收錄範圍與司法院網站之裁判書查詢系統(http://jirs.judicial.gov.tw/FJUD/)所收納之各級法院裁判書資料之範圍及內容相同"
"45817","提供宜蘭縣轄區內設置固定污染源自動連續監測系統工廠的歷史與即時監測資料。_x000D_\nWebAPIURL網址及篩選條件說明：_x000D_\nhttp://cems.ilepb.gov.tw/OpenData/API/{服務類別}/{公私場所編號}/{排放管道}/{查詢日期}/{輸出格式}"
"45818","提供宜蘭縣領有病媒防治及環境衛生用藥許可執照業者名單資料"
"45819","提供宜蘭縣各類噪音管制區公告資料"
"45820","提供宜蘭縣生熟廚餘回收分類表"
"45821","提供宜蘭縣政府第9屆環境影響評估審查委員會委員名冊"
"45822","宜蘭縣依據噪音管制標準第八條公告本縣針對場所及設施之噪音管制標準_x000D_\n依據噪音管制標準第八條：其他經主管機關公告場所及風力發電機組以外之設施噪音管制標準值"
"45823","提供本年度宜蘭縣偏遠地區移動式機車檢驗站機車定檢服務行程表(CSV,XML,JSON格式)"
"45824","提供宜蘭縣各公所歷年環境清潔競賽考核評比成績資料(CSV,XML,JSON)"
"45825","提供宜蘭縣柴油車排煙動力計檢測站資訊(CSV,XML,JSON)"
"45826","提供宜蘭縣各公所及清潔隊聯絡資料(CSV,XML,JSON)"
"45827","提供宜蘭縣歷屆環境教育獎得獎名單資料"
"45828","提供宜蘭縣取得事業廢棄物(廚餘)再利用檢核身分機構名冊CSV,XML,JSON資料"
"45829","提供宜蘭縣各鄉鎮市公所公設廣告欄設置地點資料(提供CSV,XML,JSON格式資料)"
"45830","提供宜蘭縣列管海岸位置與通報單位資料(提供CSV,XML,JSON格式資料)"
"45831","宜蘭縣利澤垃圾焚化廠位置資料(提供CSV,XML,JSON)"
"45832","提供宜蘭縣超商賣場廟宇紙錢集中門市名冊(CSV,XML,JSON)"
"45833","提供宜蘭縣公害糾紛調處委員會委員名單資料(CSV,XML,JSON)"
"45834","提供宜蘭縣公害糾紛緊急疏散處理小組名冊(CSV,XML,JSON)"
"45835","提供宜蘭縣水質監測站基本資料"
"45836","宜蘭縣場置性地下水監測井基本資料表(CSV,XML,JSON)"
"45837","提供宜蘭縣土壤採樣計畫採樣次數資料(CSV,XML,JSON)"
"45842","雲林縣落塵量統計相關資料"
